alignment_id	left_source	left_term_iri	left_label	left_definition	left_comment	left_example	right_source	right_term_iri	right_label	right_definition	right_comment	right_example	ols_term_api_url	normalized_left_label	normalized_right_label	match_method	match_score	relation	suggestion_source	canonical_from	canonical_term_iri	canonical_term_label	canonical_term_source	ols_search_url	bioportal_search_url	status	curator	reviewer	date_added	date_reviewed	notes
CAND_0001	EMI	https://w3id.org/emi#Analysis	Analysis		Any analysis performed over a sample.	@prefix : <https://w3id.org/emi/abox#> .\n@prefix emi: <https://w3id.org/emi#> .\n:VGF138_A02_neg.mzXML rdf:type emi:Analysis .	ms	http://purl.obolibrary.org/obo/MS_1003903	analysis	A strategy for mass spectrometry-based analysis that defines whether analytes are predetermined or discovered during acquisition.			https://www.ebi.ac.uk/ols4/api/ontologies/ms/terms?iri=http%3A%2F%2Fpurl.obolibrary.org%2Fobo%2FMS_1003903	analysis	analysis	ols_api_top	1.00	exact	manual_curated	right	http://purl.obolibrary.org/obo/MS_1003903	analysis	ms	https://www.ebi.ac.uk/ols4/search?q=Analysis	https://bioportal.bioontology.org/search?query=Analysis	approved	pma	pma	2026-03-02T19:54:11Z	2026-03-02T19:56:12Z	Approved after manual review.
CAND_0002	EMI	https://w3id.org/emi#BioassayAnalysis	Bioassay analysis		A bioassay is an analytical method to determine the concentration or potency of a substance by its effect on living animals or plants (in vivo), or on living cells or tissues(in vitro).		edam	http://edamontology.org/topic_1775	Function analysis	The study of gene and protein function including the prediction of functional properties of a protein.			https://www.ebi.ac.uk/ols4/api/ontologies/edam/terms?iri=http%3A%2F%2Fedamontology.org%2Ftopic_1775	bioassay analysis	function analysis	ols_api_top	0.65	related	ols_api	right	http://edamontology.org/topic_1775	Function analysis	edam	https://www.ebi.ac.uk/ols4/search?q=Bioassay+analysis	https://bioportal.bioontology.org/search?query=Bioassay+analysis	needs_review	pma		2026-03-02T19:54:11Z		Auto-suggested OLS pair; review definition/scope before approval
CAND_0003	EMI	https://w3id.org/emi#BiologicalSex	biological sex		An organismal quality inhering in a bearer by virtue of the bearer's ability to undergo sexual reproduction in order to differentiate the individuals or types involved [source: http://purl.obolibrary.org/obo/PATO_0000047]. We recommend to use PATO ontology terms for inviduals of this class.		obi	http://purl.obolibrary.org/obo/PATO_0000047	biological sex	An organismal quality inhering in a bearer by virtue of the bearer's ability to undergo sexual reproduction in order to differentiate the individuals or types involved.			https://www.ebi.ac.uk/ols4/api/ontologies/obi/terms?iri=http%3A%2F%2Fpurl.obolibrary.org%2Fobo%2FPATO_0000047	biological sex	biological sex	ols_api_top	1.00	exact	ols_api	right	http://purl.obolibrary.org/obo/PATO_0000047	biological sex	obi	https://www.ebi.ac.uk/ols4/search?q=biological+sex	https://bioportal.bioontology.org/search?query=biological+sex	needs_review	pma		2026-03-02T19:54:11Z		Auto-suggested OLS pair; review definition/scope before approval
CAND_0004	EMI	https://w3id.org/emi#Blank	Blank sample		A blank sample.	"@prefix : <https://w3id.org/emi/abox#> .\n@prefix emi: <https://w3id.org/emi#> .\n:VGF138_A12 rdf:type emi:Blank ;\n            dcterms:identifier ""VGF138_A12"" ."	obi	http://purl.obolibrary.org/obo/OBI_0000747	material sample	A material entity that has the material sample role			https://www.ebi.ac.uk/ols4/api/ontologies/obi/terms?iri=http%3A%2F%2Fpurl.obolibrary.org%2Fobo%2FOBI_0000747	blank sample	material sample	ols_api_top	0.59	related	ols_api	right	http://purl.obolibrary.org/obo/OBI_0000747	material sample	obi	https://www.ebi.ac.uk/ols4/search?q=Blank+sample	https://bioportal.bioontology.org/search?query=Blank+sample	needs_review	pma		2026-03-02T19:54:11Z		Auto-suggested OLS pair; review definition/scope before approval
CAND_0005	EMI	https://w3id.org/emi#CSpair	GNPS consensus spectra pair		A pair of 2 GNPSConsensusSpectra.		ms	http://purl.obolibrary.org/obo/MS_1003323	spectrum cluster consensus spectrum	Cross reference to a consensus spectrum that is constructed from aggregating spectra in a cluster, either as a library spectrum key if the consensus spectrum is in the same library, or a universal spectrum identifier if it is not.			https://www.ebi.ac.uk/ols4/api/ontologies/ms/terms?iri=http%3A%2F%2Fpurl.obolibrary.org%2Fobo%2FMS_1003323	gnps consensus spectra pair	spectrum cluster consensus spectrum	ols_api_top	0.61	related	ols_api	right	http://purl.obolibrary.org/obo/MS_1003323	spectrum cluster consensus spectrum	ms	https://www.ebi.ac.uk/ols4/search?q=GNPS+consensus+spectra+pair	https://bioportal.bioontology.org/search?query=GNPS+consensus+spectra+pair	needs_review	pma		2026-03-02T19:54:11Z		Auto-suggested OLS pair; review definition/scope before approval
CAND_0006	EMI	https://w3id.org/emi#Chemical	Chemical		A chemical. Recommendation: the instances of this class are ideally Wikidata chemical entries. If it is not a Wikidata entry we recommend to be as much as possible consistent in the whole dataset. Metadata can also be provided in order to describe the provenance of the instance (a chemical), for example, by stating the property prov-o:wasDerivedFrom (PROV-Ontology).	"@prefix : <https://w3id.org/emi/abox#> .\n@prefix emi: <https://w3id.org/emi#> .\n@prefix wd: <http://www.wikidata.org/entity/> .\n@prefix dcterms: < http://purl.org/dc/terms/> .\nwd:Q27145340 rdf:type emi:Chemical ;\n            dcterms:identifier ""Q27145340"" ;\n            emi:hasInChIKey :ZCCLDKGWJIREQF-PDBXOOCHSA-N ;\n            rdfs:label ""ZCCLDKGWJIREQF-PDBXOOCHSA-N"" ."	edam	http://edamontology.org/data_0997	Chemical name (ChEBI)	Unique name from Chemical Entities of Biological Interest (ChEBI) of a chemical compound.			https://www.ebi.ac.uk/ols4/api/ontologies/edam/terms?iri=http%3A%2F%2Fedamontology.org%2Fdata_0997	chemical	chemical name	ols_api_top	0.76	related	ols_api	right	http://edamontology.org/data_0997	Chemical name (ChEBI)	edam	https://www.ebi.ac.uk/ols4/search?q=Chemical	https://bioportal.bioontology.org/search?query=Chemical	needs_review	pma		2026-03-02T19:54:11Z		Auto-suggested OLS pair; review definition/scope before approval
CAND_0007	EMI	https://w3id.org/emi#ChemicalEntity	Chemical entity		A chemical entity (chemical structure or class).		chebi	http://purl.obolibrary.org/obo/CHEBI_24431	chemical entity	A chemical entity is a physical entity of interest in chemistry including molecular entities, parts thereof, and chemical substances.			https://www.ebi.ac.uk/ols4/api/ontologies/chebi/terms?iri=http%3A%2F%2Fpurl.obolibrary.org%2Fobo%2FCHEBI_24431	chemical entity	chemical entity	ols_api_top	1.00	exact	ols_api	right	http://purl.obolibrary.org/obo/CHEBI_24431	chemical entity	chebi	https://www.ebi.ac.uk/ols4/search?q=Chemical+entity	https://bioportal.bioontology.org/search?query=Chemical+entity	needs_review	pma		2026-03-02T19:54:11Z		Auto-suggested OLS pair; review definition/scope before approval
CAND_0008	EMI	https://w3id.org/emi#ChemicalStructure	Chemical structure representation		A representation of one or more chemical structures. This representation can be defined as molecular information encodings, compact encoding representations, chemical formulas and graphical representations.		obi	http://purl.obolibrary.org/obo/OBI_0002815	has representation	'has representation' is a data property that attaches between an information content entity and a value that contains linguistically or computationally coded text.			https://www.ebi.ac.uk/ols4/api/ontologies/obi/properties?iri=http%3A%2F%2Fpurl.obolibrary.org%2Fobo%2FOBI_0002815	chemical structure representation	has representation	ols_api_top	0.71	related	ols_api	right	http://purl.obolibrary.org/obo/OBI_0002815	has representation	obi	https://www.ebi.ac.uk/ols4/search?q=Chemical+structure+representation	https://bioportal.bioontology.org/search?query=Chemical+structure+representation	needs_review	pma		2026-03-02T19:54:11Z		Auto-suggested OLS pair; review definition/scope before approval
CAND_0009	EMI	https://w3id.org/emi#ChemicalTaxon	Chemical taxon		As a taxonomy for chemicals such as natural products, we recommend to use the taxonomy derived from NPClassifier (i.e., https://w3id.org/emi/npc).		edam	http://edamontology.org/data_0997	Chemical name (ChEBI)	Unique name from Chemical Entities of Biological Interest (ChEBI) of a chemical compound.			https://www.ebi.ac.uk/ols4/api/ontologies/edam/terms?iri=http%3A%2F%2Fedamontology.org%2Fdata_0997	chemical taxon	chemical name	ols_api_top	0.74	related	ols_api	right	http://edamontology.org/data_0997	Chemical name (ChEBI)	edam	https://www.ebi.ac.uk/ols4/search?q=Chemical+taxon	https://bioportal.bioontology.org/search?query=Chemical+taxon	needs_review	pma		2026-03-02T19:54:11Z		Auto-suggested OLS pair; review definition/scope before approval
CAND_0010	EMI	https://w3id.org/emi#ChemicalTaxonAnnotation	Chemical taxon annotation		This class is used to annotate a spectrum feature with a chemical taxon. Prefer the Chemical structure annotation class, if the annotation is mainly to assign a chemical representation structure as defined in the emi:ChemicalStructure.	@prefix : <https://w3id.org/emi/abox#> .\n@prefix emi: <https://w3id.org/emi#> .\n:CANOPUS-mzspec%3AMSV000087728%3AVGF147_E06_features_ms2_neg.mgf%3Ascan%3A45 rdf:type emi:ChemicalTaxonAnnotation .	chmo	http://purl.obolibrary.org/obo/CHMO_0001314	chemical vapour deposition	A synthesis method where the substrate is exposed to one or more volatile precursors, which react or decompose on the surface to produce a deposit.			https://www.ebi.ac.uk/ols4/api/ontologies/chmo/terms?iri=http%3A%2F%2Fpurl.obolibrary.org%2Fobo%2FCHMO_0001314	chemical taxon annotation	chemical vapour deposition	ols_api_top	0.67	related	ols_api	right	http://purl.obolibrary.org/obo/CHMO_0001314	chemical vapour deposition	chmo	https://www.ebi.ac.uk/ols4/search?q=Chemical+taxon+annotation	https://bioportal.bioontology.org/search?query=Chemical+taxon+annotation	needs_review	pma		2026-03-02T19:54:11Z		Auto-suggested OLS pair; review definition/scope before approval
CAND_0011	EMI	https://w3id.org/emi#ComputationalAnalysis	Computational analysis		A data analysis made with computational resources (e.g., computers, software tools).		edam	http://edamontology.org/topic_3332	Computational chemistry	Topic concerning the development and application of theory, analytical methods, mathematical models and computational simulation of chemical systems.			https://www.ebi.ac.uk/ols4/api/ontologies/edam/terms?iri=http%3A%2F%2Fedamontology.org%2Ftopic_3332	computational analysis	computational chemistry	ols_api_top	0.71	related	ols_api	right	http://edamontology.org/topic_3332	Computational chemistry	edam	https://www.ebi.ac.uk/ols4/search?q=Computational+analysis	https://bioportal.bioontology.org/search?query=Computational+analysis	needs_review	pma		2026-03-02T19:54:11Z		Auto-suggested OLS pair; review definition/scope before approval
CAND_0012	EMI	https://w3id.org/emi#ContinousTrait	Continuous trait		A specific quantitative characteristic of an individual such as height and blood pressure.		obi	http://purl.obolibrary.org/obo/OBI_0000486	continuous wave NMR instrument	Continuous wave NMR spectrometers are similar to optical spectrometers, but the sample is held in a strong magnetic field, where the frequency of the source is slowly scanned (in some instruments, the source frequency is held constant, and the field is scanned).			https://www.ebi.ac.uk/ols4/api/ontologies/obi/terms?iri=http%3A%2F%2Fpurl.obolibrary.org%2Fobo%2FOBI_0000486	continuous trait	continuous wave nmr instrument	ols_api_top	0.61	related	ols_api	right	http://purl.obolibrary.org/obo/OBI_0000486	continuous wave NMR instrument	obi	https://www.ebi.ac.uk/ols4/search?q=Continuous+trait	https://bioportal.bioontology.org/search?query=Continuous+trait	needs_review	pma		2026-03-02T19:54:11Z		Auto-suggested OLS pair; review definition/scope before approval
CAND_0013	EMI	https://w3id.org/emi#DevelopmentalStage	Developmental stage		A developmental stage is spatiotemporal region encompassing some part of the life cycle of an organism, e.g., blastula stage. We recommend to use the developmental stage terms from UBERON of a source or target organism sample in an interaction system such as from GloBI.		edam	http://edamontology.org/topic_3064	Developmental biology	How organisms grow and develop.			https://www.ebi.ac.uk/ols4/api/ontologies/edam/terms?iri=http%3A%2F%2Fedamontology.org%2Ftopic_3064	developmental stage	developmental biology	ols_api_top	0.75	related	ols_api	right	http://edamontology.org/topic_3064	Developmental biology	edam	https://www.ebi.ac.uk/ols4/search?q=Developmental+stage	https://bioportal.bioontology.org/search?query=Developmental+stage	needs_review	pma		2026-03-02T19:54:11Z		Auto-suggested OLS pair; review definition/scope before approval
CAND_0014	EMI	https://w3id.org/emi#DiscreteTrait	Discrete trait		A discrete trait structured value. When applicable, value units should be defined as the QUDT Units Vocabulary terms.	@prefix : <https://w3id.org/emi/abox#> .\n@prefix qudt: <http://qudt.org/schema/qudt/> .\n@prefix unit: <http://qudt.org/vocab/unit/> .\n:flower-color rdf:value  red ;\n              qudt:hasUnit unit:X .	edam	http://edamontology.org/format_1433	Phylip discrete states format	Format of PHYLIP discrete states data.			https://www.ebi.ac.uk/ols4/api/ontologies/edam/terms?iri=http%3A%2F%2Fedamontology.org%2Fformat_1433	discrete trait	phylip discrete states format	ols_api_top	0.60	related	ols_api	right	http://edamontology.org/format_1433	Phylip discrete states format	edam	https://www.ebi.ac.uk/ols4/search?q=Discrete+trait	https://bioportal.bioontology.org/search?query=Discrete+trait	needs_review	pma		2026-03-02T19:54:11Z		Auto-suggested OLS pair; review definition/scope before approval
CAND_0015	EMI	https://w3id.org/emi#ExtractSample	Extract sample		A natural extract obtained from the processing of a RawMaterial.		obi	http://purl.obolibrary.org/obo/OBI_0000423	extract	an extract is a material entity which results from an extraction process			https://www.ebi.ac.uk/ols4/api/ontologies/obi/terms?iri=http%3A%2F%2Fpurl.obolibrary.org%2Fobo%2FOBI_0000423	extract sample	extract	ols_api_top	0.67	related	ols_api	right	http://purl.obolibrary.org/obo/OBI_0000423	extract	obi	https://www.ebi.ac.uk/ols4/search?q=Extract+sample	https://bioportal.bioontology.org/search?query=Extract+sample	needs_review	pma		2026-03-02T19:54:11Z		Auto-suggested OLS pair; review definition/scope before approval
CAND_0016	EMI	https://w3id.org/emi#FBMNComponent	FBMN component		Feature-based molecular network component.		ms	http://purl.obolibrary.org/obo/MS_1002197	TOPP OpenSwath component	OpenSwath component of the TOPP software.			https://www.ebi.ac.uk/ols4/api/ontologies/ms/terms?iri=http%3A%2F%2Fpurl.obolibrary.org%2Fobo%2FMS_1002197	fbmn component	topp open swath component	ols_api_top	0.56	related	ols_api	right	http://purl.obolibrary.org/obo/MS_1002197	TOPP OpenSwath component	ms	https://www.ebi.ac.uk/ols4/search?q=FBMN+component	https://bioportal.bioontology.org/search?query=FBMN+component	needs_review	pma		2026-03-02T19:54:11Z		Auto-suggested OLS pair; review definition/scope before approval
CAND_0017	EMI	https://w3id.org/emi#GNPSConsensusSpectrum	GNPS consensus MS2 spectrum		"An MS2 spectrum corresponding to the GNPS consensus spectrum of 1 or more LCMSFeature. Recommendation: instances of this class are ideally built as follows: ""https://metabolomics-usi.ucsd.edu/dashinterface/?usi1={id}"", e.g.: ""https://metabolomics-usi.ucsd.edu/dashinterface/?usi1=mzspec:MassIVE:TASK-773effaad17c4124b9ea9004eaa3f526-spectra/specs_ms.mgf:scan:1028""."		ms	http://purl.obolibrary.org/obo/MS_1003323	spectrum cluster consensus spectrum	Cross reference to a consensus spectrum that is constructed from aggregating spectra in a cluster, either as a library spectrum key if the consensus spectrum is in the same library, or a universal spectrum identifier if it is not.			https://www.ebi.ac.uk/ols4/api/ontologies/ms/terms?iri=http%3A%2F%2Fpurl.obolibrary.org%2Fobo%2FMS_1003323	gnps consensus ms2 spectrum	spectrum cluster consensus spectrum	ols_api_top	0.68	related	ols_api	right	http://purl.obolibrary.org/obo/MS_1003323	spectrum cluster consensus spectrum	ms	https://www.ebi.ac.uk/ols4/search?q=GNPS+consensus+MS2+spectrum	https://bioportal.bioontology.org/search?query=GNPS+consensus+MS2+spectrum	needs_review	pma		2026-03-02T19:54:11Z		Auto-suggested OLS pair; review definition/scope before approval
CAND_0018	EMI	https://w3id.org/emi#Habitat	Habitat		It defines an environment where an emi:Interaction occurs. If applicable, we recommend to use the habitat terms from ENVO or CMECS of an interaction system such as from GloBI.		obi	http://purl.obolibrary.org/obo/OBI_0400171	animal cage	A processed material which has the function to define a bounded habitat which is amenable to keeping animals.			https://www.ebi.ac.uk/ols4/api/ontologies/obi/terms?iri=http%3A%2F%2Fpurl.obolibrary.org%2Fobo%2FOBI_0400171	habitat	animal cage	ols_api_top	0.33	related	ols_api	right	http://purl.obolibrary.org/obo/OBI_0400171	animal cage	obi	https://www.ebi.ac.uk/ols4/search?q=Habitat	https://bioportal.bioontology.org/search?query=Habitat	needs_review	pma		2026-03-02T19:54:11Z		Auto-suggested OLS pair; review definition/scope before approval
CAND_0019	EMI	https://w3id.org/emi#InChIKey	InChIKey		A chemical structure represented by its InChIKey.		ms	http://purl.obolibrary.org/obo/MS_1002894	InChIKey	Unique chemical structure identifier for chemical compounds.			https://www.ebi.ac.uk/ols4/api/ontologies/ms/terms?iri=http%3A%2F%2Fpurl.obolibrary.org%2Fobo%2FMS_1002894	in ch ikey	in ch ikey	ols_api_top	1.00	exact	ols_api	right	http://purl.obolibrary.org/obo/MS_1002894	InChIKey	ms	https://www.ebi.ac.uk/ols4/search?q=InChIKey	https://bioportal.bioontology.org/search?query=InChIKey	needs_review	pma		2026-03-02T19:54:11Z		Auto-suggested OLS pair; review definition/scope before approval
CAND_0020	EMI	https://w3id.org/emi#InChIKey2D	2D InChIKey		A collection of chemical structures that share the first 14 characters of their InChIKeys, often returned by mass spectrometry based annotation tools.		edam	http://edamontology.org/format_1199	InChIKey	The InChIKey (hashed InChI) is a fixed length (25 character) condensed digital representation of an InChI chemical structure specification. It uniquely identifies a chemical compound.			https://www.ebi.ac.uk/ols4/api/ontologies/edam/terms?iri=http%3A%2F%2Fedamontology.org%2Fformat_1199	2 d in ch ikey	in ch ikey	ols_api_top	0.83	related	ols_api	right	http://edamontology.org/format_1199	InChIKey	edam	https://www.ebi.ac.uk/ols4/search?q=2D+InChIKey	https://bioportal.bioontology.org/search?query=2D+InChIKey	needs_review	pma		2026-03-02T19:54:11Z		Auto-suggested OLS pair; review definition/scope before approval
CAND_0021	EMI	https://w3id.org/emi#InformationSource	Information source		The source of information. For example, the source of a given annotation that might be a bioinformatics database or machine learning classification model.		edam	http://edamontology.org/topic_0605	Informatics	The study and practice of information processing and use of computer information systems.			https://www.ebi.ac.uk/ols4/api/ontologies/edam/terms?iri=http%3A%2F%2Fedamontology.org%2Ftopic_0605	information source	informatics	ols_api_top	0.69	related	ols_api	right	http://edamontology.org/topic_0605	Informatics	edam	https://www.ebi.ac.uk/ols4/search?q=Information+source	https://bioportal.bioontology.org/search?query=Information+source	needs_review	pma		2026-03-02T19:54:11Z		Auto-suggested OLS pair; review definition/scope before approval
CAND_0022	EMI	https://w3id.org/emi#Interaction	Interaction System		An interaction record listed (e.g.,in GloBI database) between Source and Target samples.		obi	http://purl.obolibrary.org/obo/OBI_0000556	isocratic pump system	A pump system optimized for isocratic chromatography.			https://www.ebi.ac.uk/ols4/api/ontologies/obi/terms?iri=http%3A%2F%2Fpurl.obolibrary.org%2Fobo%2FOBI_0000556	interaction system	isocratic pump system	ols_api_top	0.62	related	ols_api	right	http://purl.obolibrary.org/obo/OBI_0000556	isocratic pump system	obi	https://www.ebi.ac.uk/ols4/search?q=Interaction+System	https://bioportal.bioontology.org/search?query=Interaction+System	needs_review	pma		2026-03-02T19:54:11Z		Auto-suggested OLS pair; review definition/scope before approval
CAND_0023	EMI	https://w3id.org/emi#InteractionType	Interaction type		It represents the kind of interaction between a source and a target organism sample in an interaction system (e.g., has pathogen and allelopath of). We recommed using RO vocabulary terms.	@prefix obo: <http://purl.obolibrary.org/obo/> .\n@prefix : <https://w3id.org/emi/abox#> .\n@prefix emi: <https://w3id.org/emi#> .\n:INTERACTION-1 a emi:Interaction ;\n    emi:isClassifiedWith obo:RO_0002557 . #has pathogen\nobo:RO_0002557 a emi:InteractionType .	ms	http://purl.obolibrary.org/obo/MS_1002006	SRM transition type	The type of the transitions, e.g. target or decoy.			https://www.ebi.ac.uk/ols4/api/ontologies/ms/terms?iri=http%3A%2F%2Fpurl.obolibrary.org%2Fobo%2FMS_1002006	interaction type	srm transition type	ols_api_top	0.69	related	ols_api	right	http://purl.obolibrary.org/obo/MS_1002006	SRM transition type	ms	https://www.ebi.ac.uk/ols4/search?q=Interaction+type	https://bioportal.bioontology.org/search?query=Interaction+type	needs_review	pma		2026-03-02T19:54:11Z		Auto-suggested OLS pair; review definition/scope before approval
CAND_0024	EMI	https://w3id.org/emi#LCMSAnalysis	LCMS analysis		A liquid chromatography\u2013mass spectrometry (LCMS) analysis in a given ionization mode (pos or neg).	@prefix : <https://w3id.org/emi/abox#> .\n@prefix emi: <https://w3id.org/emi#> .\n:VGF138_A02_neg.mzXML rdf:type emi:LCMSAnalysis .	edam	http://edamontology.org/topic_1775	Function analysis	The study of gene and protein function including the prediction of functional properties of a protein.			https://www.ebi.ac.uk/ols4/api/ontologies/edam/terms?iri=http%3A%2F%2Fedamontology.org%2Ftopic_1775	lcms analysis	function analysis	ols_api_top	0.67	related	ols_api	right	http://edamontology.org/topic_1775	Function analysis	edam	https://www.ebi.ac.uk/ols4/search?q=LCMS+analysis	https://bioportal.bioontology.org/search?query=LCMS+analysis	needs_review	pma		2026-03-02T19:54:11Z		Auto-suggested OLS pair; review definition/scope before approval
CAND_0025	EMI	https://w3id.org/emi#LCMSAnalysisNeg	Negative LCMS analysis		An LCMS analysis in negative ionization mode (pos or neg).	@prefix : <https://w3id.org/emi/abox#> .\n@prefix emi: <https://w3id.org/emi#> .\n:VGF138_A02_neg.mzXML rdf:type emi:LCMSAnalysisNeg .	edam	http://edamontology.org/topic_1775	Function analysis	The study of gene and protein function including the prediction of functional properties of a protein.			https://www.ebi.ac.uk/ols4/api/ontologies/edam/terms?iri=http%3A%2F%2Fedamontology.org%2Ftopic_1775	negative lcms analysis	function analysis	ols_api_top	0.62	related	ols_api	right	http://edamontology.org/topic_1775	Function analysis	edam	https://www.ebi.ac.uk/ols4/search?q=Negative+LCMS+analysis	https://bioportal.bioontology.org/search?query=Negative+LCMS+analysis	needs_review	pma		2026-03-02T19:54:11Z		Auto-suggested OLS pair; review definition/scope before approval
CAND_0026	EMI	https://w3id.org/emi#LCMSAnalysisPos	Positive LCMS analysis		An LCMS analysis in positive ionization mode (positive or negative).	@prefix : <https://w3id.org/emi/abox#> .\n@prefix emi: <https://w3id.org/emi#> .\n:VGF138_A02_pos.mzXML rdf:type emi:LCMSAnalysisPos .	obi	http://purl.obolibrary.org/obo/OBI_0200082	longitudinal data analysis	Longitudinal analysis is a data transformation used to perform repeated observations of the same items over long periods of time.			https://www.ebi.ac.uk/ols4/api/ontologies/obi/terms?iri=http%3A%2F%2Fpurl.obolibrary.org%2Fobo%2FOBI_0200082	positive lcms analysis	longitudinal data analysis	ols_api_top	0.58	related	ols_api	right	http://purl.obolibrary.org/obo/OBI_0200082	longitudinal data analysis	obi	https://www.ebi.ac.uk/ols4/search?q=Positive+LCMS+analysis	https://bioportal.bioontology.org/search?query=Positive+LCMS+analysis	needs_review	pma		2026-03-02T19:54:11Z		Auto-suggested OLS pair; review definition/scope before approval
CAND_0027	EMI	https://w3id.org/emi#LCMSFeature	LCMS individual MS2 spectrum		"An LCMS feature from a processed LCMS analysis. Recommendation: instances of this class are ideally built as follows: ""https://metabolomics-usi.ucsd.edu/dashinterface/?usi1={id}"" (e.g., https://metabolomics-usi.ucsd.edu/dashinterface/?usi1=mzspec:MSV000090090:DBGI_01_04_001_features_ms2_pos.mgf:scan:1)."	@prefix emi: <https://w3id.org/emi#> .\n@prefix usi: <https://metabolomics-usi.ucsd.edu/dashinterface/?usi1=> .\nusi:mzspec%3AMSV000087728%3AVGF153_A02_features_ms2_neg.mgf%3Ascan%3A356 rdf:type emi:LCMSFeature .	obi	http://purl.obolibrary.org/obo/OBI_0002648	individual organism specimen	A specimen composed of an individual organism to be studied in an investigation.			https://www.ebi.ac.uk/ols4/api/ontologies/obi/terms?iri=http%3A%2F%2Fpurl.obolibrary.org%2Fobo%2FOBI_0002648	lcms individual ms2 spectrum	individual organism specimen	ols_api_top	0.64	related	ols_api	right	http://purl.obolibrary.org/obo/OBI_0002648	individual organism specimen	obi	https://www.ebi.ac.uk/ols4/search?q=LCMS+individual+MS2+spectrum	https://bioportal.bioontology.org/search?query=LCMS+individual+MS2+spectrum	needs_review	pma		2026-03-02T19:54:11Z		Auto-suggested OLS pair; review definition/scope before approval
CAND_0028	EMI	https://w3id.org/emi#LCMSFeatureSet	LCMS feature set		A set of Liquid chromatography\u2013mass spectrometry (LCMS) features obtained from the processing of a given LCMS analysis.	@prefix : <https://w3id.org/emi/abox#> .\n@prefix emi: <https://w3id.org/emi#> .\n:VGF153_A02_lcms_feature_list_neg rdf:type emi:LCMSFeatureSet .	obi	http://purl.obolibrary.org/obo/OBI_0000292	has_feature_value	has_feature_value datatype property is used to describe the feature values which the feature class can contain, for example has_base can have feature values of nonNegativeInteger values.			https://www.ebi.ac.uk/ols4/api/ontologies/obi/properties?iri=http%3A%2F%2Fpurl.obolibrary.org%2Fobo%2FOBI_0000292	lcms feature set	has feature value	ols_api_top	0.67	related	ols_api	right	http://purl.obolibrary.org/obo/OBI_0000292	has_feature_value	obi	https://www.ebi.ac.uk/ols4/search?q=LCMS+feature+set	https://bioportal.bioontology.org/search?query=LCMS+feature+set	needs_review	pma		2026-03-02T19:54:11Z		Auto-suggested OLS pair; review definition/scope before approval
CAND_0029	EMI	https://w3id.org/emi#LFpair	LCMS feature pair		A pair of LCMSFeature.		obi	http://purl.obolibrary.org/obo/OBI_0000292	has_feature_value	has_feature_value datatype property is used to describe the feature values which the feature class can contain, for example has_base can have feature values of nonNegativeInteger values.			https://www.ebi.ac.uk/ols4/api/ontologies/obi/properties?iri=http%3A%2F%2Fpurl.obolibrary.org%2Fobo%2FOBI_0000292	lcms feature pair	has feature value	ols_api_top	0.65	related	ols_api	right	http://purl.obolibrary.org/obo/OBI_0000292	has_feature_value	obi	https://www.ebi.ac.uk/ols4/search?q=LCMS+feature+pair	https://bioportal.bioontology.org/search?query=LCMS+feature+pair	needs_review	pma		2026-03-02T19:54:11Z		Auto-suggested OLS pair; review definition/scope before approval
CAND_0030	EMI	https://w3id.org/emi#MS2Spectrum	MS2 spectrum		A fragmentation mass spectrometry (or MS2) spectrum.	@prefix : <https://w3id.org/emi/abox#> .\n@prefix emi: <https://w3id.org/emi#> .\n@prefix usi: <https://metabolomics-usi.ucsd.edu/dashinterface/?usi1=> .\nusi:mzspec%3AMSV000087728%3AVGF153_A02_features_ms2_neg.mgf%3Ascan%3A356 rdf:type emi:MS2Spectrum .	edam	http://edamontology.org/data_3483	Spectrum	The spectrum of frequencies of electromagnetic radiation emitted from a molecule as a result of some spectroscopy experiment.			https://www.ebi.ac.uk/ols4/api/ontologies/edam/terms?iri=http%3A%2F%2Fedamontology.org%2Fdata_3483	ms2 spectrum	spectrum	ols_api_top	0.80	related	ols_api	right	http://edamontology.org/data_3483	Spectrum	edam	https://www.ebi.ac.uk/ols4/search?q=MS2+spectrum	https://bioportal.bioontology.org/search?query=MS2+spectrum	needs_review	pma		2026-03-02T19:54:11Z		Auto-suggested OLS pair; review definition/scope before approval
CAND_0031	EMI	https://w3id.org/emi#Organism	Organism		"A living being, such as an animal, a plant, a bacterium, or a fungus., Any individual living (or previously living) being. Example: animal, human being. An organism is associated to a taxon such as ""Homo Sapiens"", NCBI taxonomy identifier: 9606."		obi	http://purl.obolibrary.org/obo/COB_0000022	organism	A material entity that is a maximal functionally integrated unit that develops from a program encoded in a genome			https://www.ebi.ac.uk/ols4/api/ontologies/obi/terms?iri=http%3A%2F%2Fpurl.obolibrary.org%2Fobo%2FCOB_0000022	organism	organism	ols_api_top	1.00	exact	ols_api	right	http://purl.obolibrary.org/obo/COB_0000022	organism	obi	https://www.ebi.ac.uk/ols4/search?q=Organism	https://bioportal.bioontology.org/search?query=Organism	needs_review	pma		2026-03-02T19:54:11Z		Auto-suggested OLS pair; review definition/scope before approval
CAND_0032	EMI	https://w3id.org/emi#OrganismGroup	Group of organisms		A group of organisms (see emi:Organism). These organims may be grouped by biological sex (emi:BiologicalSex), for example.		edam	http://edamontology.org/topic_0621	Model organisms	A specific organism, or group of organisms, used to study a particular aspect of biology.			https://www.ebi.ac.uk/ols4/api/ontologies/edam/terms?iri=http%3A%2F%2Fedamontology.org%2Ftopic_0621	group of organisms	model organisms	ols_api_top	0.67	related	ols_api	right	http://edamontology.org/topic_0621	Model organisms	edam	https://www.ebi.ac.uk/ols4/search?q=Group+of+organisms	https://bioportal.bioontology.org/search?query=Group+of+organisms	needs_review	pma		2026-03-02T19:54:11Z		Auto-suggested OLS pair; review definition/scope before approval
CAND_0033	EMI	https://w3id.org/emi#PhysiologicalStage	Physiological stage		A physiological stage is a specific phase or condition of an organism in its life cycle (e.g., viability stage). If applicable, we recommend to use the physiological stage terms from PATO of a source or target organism sample in an interaction system such as from GloBI.		chmo	http://purl.obolibrary.org/obo/CHMO_0000947	optical microscope	A piece of apparatus, consisting of an eyepiece, an objective lens, object turret, stage, and light source, which collects electromagnetic radiation in the visible range.			https://www.ebi.ac.uk/ols4/api/ontologies/chmo/terms?iri=http%3A%2F%2Fpurl.obolibrary.org%2Fobo%2FCHMO_0000947	physiological stage	optical microscope	ols_api_top	0.43	related	ols_api	right	http://purl.obolibrary.org/obo/CHMO_0000947	optical microscope	chmo	https://www.ebi.ac.uk/ols4/search?q=Physiological+stage	https://bioportal.bioontology.org/search?query=Physiological+stage	needs_review	pma		2026-03-02T19:54:11Z		Auto-suggested OLS pair; review definition/scope before approval
CAND_0034	EMI	https://w3id.org/emi#QCSample	Quality control sample		A quality control (QC) sample.		edam	http://edamontology.org/data_3914	Quality control report	Report of the quality control review that was made of factors involved in a procedure.			https://www.ebi.ac.uk/ols4/api/ontologies/edam/terms?iri=http%3A%2F%2Fedamontology.org%2Fdata_3914	quality control sample	quality control report	ols_api_top	0.77	related	ols_api	right	http://edamontology.org/data_3914	Quality control report	edam	https://www.ebi.ac.uk/ols4/search?q=Quality+control+sample	https://bioportal.bioontology.org/search?query=Quality+control+sample	needs_review	pma		2026-03-02T19:54:11Z		Auto-suggested OLS pair; review definition/scope before approval
CAND_0035	EMI	https://w3id.org/emi#RawMaterial	Raw material		A raw laboratory biological material, i.e., before extraction.		obi	http://purl.obolibrary.org/obo/OBI_0000434	adding material objective	is the specification of an objective to add a material into a target material. The adding is asymmetric in the sense that the target material largely retains its identity			https://www.ebi.ac.uk/ols4/api/ontologies/obi/terms?iri=http%3A%2F%2Fpurl.obolibrary.org%2Fobo%2FOBI_0000434	raw material	adding material objective	ols_api_top	0.54	related	ols_api	right	http://purl.obolibrary.org/obo/OBI_0000434	adding material objective	obi	https://www.ebi.ac.uk/ols4/search?q=Raw+material	https://bioportal.bioontology.org/search?query=Raw+material	needs_review	pma		2026-03-02T19:54:11Z		Auto-suggested OLS pair; review definition/scope before approval
CAND_0036	EMI	https://w3id.org/emi#Spec2VecDoc	Spec2vec document		Document about improved mass spectral similarity scoring through learning of structural relationships. Spec2vec is a novel spectral similarity score inspired by a natural language processing algorithm -- Word2Vec. Where Word2Vec learns relationships between words in sentences, spec2vec does so for mass fragments and neutral losses in MS/MS spectra. The spectral similarity score is based on spectral embeddings learnt from the fragmental relationships within a large set of spectral data. Analysis and benchmarking of mass spectra similarity measures using GNPS data set.		obi	http://purl.obolibrary.org/obo/OBI_0302874	edited document	A document which is the output of a document editing process			https://www.ebi.ac.uk/ols4/api/ontologies/obi/terms?iri=http%3A%2F%2Fpurl.obolibrary.org%2Fobo%2FOBI_0302874	spec2vec document	edited document	ols_api_top	0.69	related	ols_api	right	http://purl.obolibrary.org/obo/OBI_0302874	edited document	obi	https://www.ebi.ac.uk/ols4/search?q=Spec2vec+document	https://bioportal.bioontology.org/search?query=Spec2vec+document	needs_review	pma		2026-03-02T19:54:11Z		Auto-suggested OLS pair; review definition/scope before approval
CAND_0037	EMI	https://w3id.org/emi#SpectralPair	MS2Spectra pair		A pair of two tandem mass spectrometry (MS2 spectra).		edam	http://edamontology.org/format_2003	srspair	Simple sequence pair (alignment) format for SRS.			https://www.ebi.ac.uk/ols4/api/ontologies/edam/terms?iri=http%3A%2F%2Fedamontology.org%2Fformat_2003	ms2 spectra pair	srspair	ols_api_top	0.52	related	ols_api	right	http://edamontology.org/format_2003	srspair	edam	https://www.ebi.ac.uk/ols4/search?q=MS2Spectra+pair	https://bioportal.bioontology.org/search?query=MS2Spectra+pair	needs_review	pma		2026-03-02T19:54:11Z		Auto-suggested OLS pair; review definition/scope before approval
CAND_0038	EMI	https://w3id.org/emi#SpectrumAnnotation	Spectrum annotation		A spectral annotation.	@prefix : <https://w3id.org/emi/abox#> .\n@prefix emi: <https://w3id.org/emi#> .\n:CANOPUS-mzspec%3AMSV000087728%3AVGF147_E06_features_ms2_neg.mgf%3Ascan%3A45 rdf:type emi:SpectrumAnnotation .	obi	http://purl.obolibrary.org/obo/OBI_0000905	sequence feature annotation	Information about a sequence region			https://www.ebi.ac.uk/ols4/api/ontologies/obi/terms?iri=http%3A%2F%2Fpurl.obolibrary.org%2Fobo%2FOBI_0000905	spectrum annotation	sequence feature annotation	ols_api_top	0.70	related	ols_api	right	http://purl.obolibrary.org/obo/OBI_0000905	sequence feature annotation	obi	https://www.ebi.ac.uk/ols4/search?q=Spectrum+annotation	https://bioportal.bioontology.org/search?query=Spectrum+annotation	needs_review	pma		2026-03-02T19:54:11Z		Auto-suggested OLS pair; review definition/scope before approval
CAND_0039	EMI	https://w3id.org/emi#StructuralAnnotation	Chemical structure annotation		This class is used to annotate a spectrum feature with a chemical representation structure as defined in the emi:ChemicalStructure. Prefer the  Chemical taxon annotation class, if the annotation is mainly to assign taxa to a spectrum feature.		edam	http://edamontology.org/data_1712	Chemical structure image	An image of the structure of a small chemical compound.			https://www.ebi.ac.uk/ols4/api/ontologies/edam/terms?iri=http%3A%2F%2Fedamontology.org%2Fdata_1712	chemical structure annotation	chemical structure image	ols_api_top	0.75	related	ols_api	right	http://edamontology.org/data_1712	Chemical structure image	edam	https://www.ebi.ac.uk/ols4/search?q=Chemical+structure+annotation	https://bioportal.bioontology.org/search?query=Chemical+structure+annotation	needs_review	pma		2026-03-02T19:54:11Z		Auto-suggested OLS pair; review definition/scope before approval
CAND_0040	EMI	https://w3id.org/emi#System	System		Any part of the observable universe. A system is often composed of subsystems, for example, the Earth system contains a biome that contains a population that contains organisms that contains organs and so on.		ms	http://purl.obolibrary.org/obo/MS_1003640	System Gold	Beckman Coulter System Gold HPLC system.			https://www.ebi.ac.uk/ols4/api/ontologies/ms/terms?iri=http%3A%2F%2Fpurl.obolibrary.org%2Fobo%2FMS_1003640	system	system gold	ols_api_top	0.71	related	ols_api	right	http://purl.obolibrary.org/obo/MS_1003640	System Gold	ms	https://www.ebi.ac.uk/ols4/search?q=System	https://bioportal.bioontology.org/search?query=System	needs_review	pma		2026-03-02T19:54:11Z		Auto-suggested OLS pair; review definition/scope before approval
CAND_0041	EMI	https://w3id.org/emi#Taxon	Organism taxon		Organism taxon. In the context of open research data, we recommend the use of Wikidata taxonomy as the classification and nomenclature for all of the organisms.		chmo	http://purl.obolibrary.org/obo/OBI_0100026	organism	A material entity that is an individual living system, such as animal, plant, bacteria or virus, that is capable of replicating or reproducing, growth and maintenance in the right environment. An organism may be unicellular or made up, like humans, of many billions of cells divided into specialized tissues and organs.			https://www.ebi.ac.uk/ols4/api/ontologies/chmo/terms?iri=http%3A%2F%2Fpurl.obolibrary.org%2Fobo%2FOBI_0100026	organism taxon	organism	ols_api_top	0.73	related	ols_api	right	http://purl.obolibrary.org/obo/OBI_0100026	organism	chmo	https://www.ebi.ac.uk/ols4/search?q=Organism+taxon	https://bioportal.bioontology.org/search?query=Organism+taxon	needs_review	pma		2026-03-02T19:54:11Z		Auto-suggested OLS pair; review definition/scope before approval
CAND_0042	EMI	https://w3id.org/emi#Trait	Trait		A specific characteristic of an individual. Traits can be determined by genes, environmental factors or by a combination of both. Traits can be discrete (i.e., qualitative such as color) or continuous (quantitative such as height).		edam	http://edamontology.org/data_1860	QTL map	A genetic map which shows the approximate location of quantitative trait loci (QTL) between two or more markers.			https://www.ebi.ac.uk/ols4/api/ontologies/edam/terms?iri=http%3A%2F%2Fedamontology.org%2Fdata_1860	trait	qtl map	ols_api_top	0.33	related	ols_api	right	http://edamontology.org/data_1860	QTL map	edam	https://www.ebi.ac.uk/ols4/search?q=Trait	https://bioportal.bioontology.org/search?query=Trait	needs_review	pma		2026-03-02T19:54:11Z		Auto-suggested OLS pair; review definition/scope before approval
CAND_0043	EMI	https://w3id.org/emi#WDChemicalStructure	Wikidata chemical		A Wikidata chemical entry.		edam	http://edamontology.org/data_0997	Chemical name (ChEBI)	Unique name from Chemical Entities of Biological Interest (ChEBI) of a chemical compound.			https://www.ebi.ac.uk/ols4/api/ontologies/edam/terms?iri=http%3A%2F%2Fedamontology.org%2Fdata_0997	wikidata chemical	chemical name	ols_api_top	0.53	related	ols_api	right	http://edamontology.org/data_0997	Chemical name (ChEBI)	edam	https://www.ebi.ac.uk/ols4/search?q=Wikidata+chemical	https://bioportal.bioontology.org/search?query=Wikidata+chemical	needs_review	pma		2026-03-02T19:54:11Z		Auto-suggested OLS pair; review definition/scope before approval
CAND_0044	EMI	https://w3id.org/emi#componentLink	component link				chmo	http://purl.obolibrary.org/obo/CHMO_0002771	concentrating	A preparative step where the concentration of one component is increased.			https://www.ebi.ac.uk/ols4/api/ontologies/chmo/terms?iri=http%3A%2F%2Fpurl.obolibrary.org%2Fobo%2FCHMO_0002771	component link	concentrating	ols_api_top	0.59	related	ols_api	right	http://purl.obolibrary.org/obo/CHMO_0002771	concentrating	chmo	https://www.ebi.ac.uk/ols4/search?q=component+link	https://bioportal.bioontology.org/search?query=component+link	needs_review	pma		2026-03-02T19:54:11Z		Auto-suggested OLS pair; review definition/scope before approval
CAND_0045	EMI	https://w3id.org/emi#hasAdduct	has adduct				chebi	http://purl.obolibrary.org/obo/CHEBI_20984	D-gluconate adduct				https://www.ebi.ac.uk/ols4/api/ontologies/chebi/terms?iri=http%3A%2F%2Fpurl.obolibrary.org%2Fobo%2FCHEBI_20984	has adduct	d gluconate adduct	ols_api_top	0.57	related	ols_api	right	http://purl.obolibrary.org/obo/CHEBI_20984	D-gluconate adduct	chebi	https://www.ebi.ac.uk/ols4/search?q=has+adduct	https://bioportal.bioontology.org/search?query=has+adduct	needs_review	pma		2026-03-02T19:54:11Z		Auto-suggested OLS pair; review definition/scope before approval
CAND_0046	EMI	https://w3id.org/emi#hasAnatomicalEntity	has anatomical entity		It can be used to assign an anatomical entity (e.g., body parts) to a source and/or target organism sample in an interaction system such as GloBI. When applicable, we recommend to state UBERON vocabulary anatomical entity terms.		chebi	http://purl.obolibrary.org/obo/CHEBI_33238	monoatomic entity	A monoatomic entity is a molecular entity consisting of a single atom.			https://www.ebi.ac.uk/ols4/api/ontologies/chebi/terms?iri=http%3A%2F%2Fpurl.obolibrary.org%2Fobo%2FCHEBI_33238	has anatomical entity	monoatomic entity	ols_api_top	0.74	related	ols_api	right	http://purl.obolibrary.org/obo/CHEBI_33238	monoatomic entity	chebi	https://www.ebi.ac.uk/ols4/search?q=has+anatomical+entity	https://bioportal.bioontology.org/search?query=has+anatomical+entity	needs_review	pma		2026-03-02T19:54:11Z		Auto-suggested OLS pair; review definition/scope before approval
CAND_0047	EMI	https://w3id.org/emi#hasAnnotation	has annotation				obi	http://purl.obolibrary.org/obo/OBI_0001944	sequence annotation	A planned process that identifies and reports sequence features (e.g. protein coding regions) in sequence data.			https://www.ebi.ac.uk/ols4/api/ontologies/obi/terms?iri=http%3A%2F%2Fpurl.obolibrary.org%2Fobo%2FOBI_0001944	has annotation	sequence annotation	ols_api_top	0.73	related	ols_api	right	http://purl.obolibrary.org/obo/OBI_0001944	sequence annotation	obi	https://www.ebi.ac.uk/ols4/search?q=has+annotation	https://bioportal.bioontology.org/search?query=has+annotation	needs_review	pma		2026-03-02T19:54:11Z		Auto-suggested OLS pair; review definition/scope before approval
CAND_0048	EMI	https://w3id.org/emi#hasChemicalStructure	has chemical structure representation		Recommendation: prefer the chemical structure representation 2D InChIKey that also represents a collection of InChIKeys (i.e. chemicals) with common attributes. As a result, we can reduce the number of triples and redundacy to represent the same information that are common to many chemicals.		edam	http://edamontology.org/data_1712	Chemical structure image	An image of the structure of a small chemical compound.			https://www.ebi.ac.uk/ols4/api/ontologies/edam/terms?iri=http%3A%2F%2Fedamontology.org%2Fdata_1712	has chemical structure representation	chemical structure image	ols_api_top	0.66	related	ols_api	right	http://edamontology.org/data_1712	Chemical structure image	edam	https://www.ebi.ac.uk/ols4/search?q=has+chemical+structure+representation	https://bioportal.bioontology.org/search?query=has+chemical+structure+representation	needs_review	pma		2026-03-02T19:54:11Z		Auto-suggested OLS pair; review definition/scope before approval
CAND_0049	EMI	https://w3id.org/emi#hasClass	has class			"@prefix : <https://w3id.org/emi/abox#> .\n@prefix emi: <https://w3id.org/emi#> .\n@prefix npc: <https://w3id.org/emi/npc#> .\n:CANOPUS-mzspec%3AMSV000087728%3AVGF147_E06_features_ms2_neg.mgf%3Ascan%3A45 rdf:type emi:ChemicalTaxonAnnotation ;\n            emi:hasClass ""npc:CADINANE_SESQUITERPENOIDS"" ."	edam	http://edamontology.org/data_1092	WormBase class	Class of an object from the WormBase database.			https://www.ebi.ac.uk/ols4/api/ontologies/edam/terms?iri=http%3A%2F%2Fedamontology.org%2Fdata_1092	has class	worm base class	ols_api_top	0.67	related	ols_api	right	http://edamontology.org/data_1092	WormBase class	edam	https://www.ebi.ac.uk/ols4/search?q=has+class	https://bioportal.bioontology.org/search?query=has+class	needs_review	pma		2026-03-02T19:54:11Z		Auto-suggested OLS pair; review definition/scope before approval
CAND_0050	EMI	https://w3id.org/emi#hasConsensusSpectrum	has consensus spectrum				ms	http://purl.obolibrary.org/obo/MS_1003323	spectrum cluster consensus spectrum	Cross reference to a consensus spectrum that is constructed from aggregating spectra in a cluster, either as a library spectrum key if the consensus spectrum is in the same library, or a universal spectrum identifier if it is not.			https://www.ebi.ac.uk/ols4/api/ontologies/ms/terms?iri=http%3A%2F%2Fpurl.obolibrary.org%2Fobo%2FMS_1003323	has consensus spectrum	spectrum cluster consensus spectrum	ols_api_top	0.70	related	ols_api	right	http://purl.obolibrary.org/obo/MS_1003323	spectrum cluster consensus spectrum	ms	https://www.ebi.ac.uk/ols4/search?q=has+consensus+spectrum	https://bioportal.bioontology.org/search?query=has+consensus+spectrum	needs_review	pma		2026-03-02T19:54:11Z		Auto-suggested OLS pair; review definition/scope before approval
CAND_0051	EMI	https://w3id.org/emi#hasConsistencyScore	has consistency score		An ISDB score.		edam	http://edamontology.org/data_3756	Localisation score	Score for localization of one or more post-translational modifications in peptide sequence measured by mass spectrometry.			https://www.ebi.ac.uk/ols4/api/ontologies/edam/terms?iri=http%3A%2F%2Fedamontology.org%2Fdata_3756	has consistency score	localisation score	ols_api_top	0.51	related	ols_api	right	http://edamontology.org/data_3756	Localisation score	edam	https://www.ebi.ac.uk/ols4/search?q=has+consistency+score	https://bioportal.bioontology.org/search?query=has+consistency+score	needs_review	pma		2026-03-02T19:54:11Z		Auto-suggested OLS pair; review definition/scope before approval
CAND_0052	EMI	https://w3id.org/emi#hasCosine	has cosine				obi	http://purl.obolibrary.org/obo/OBI_0200017	cosine transformation	A cosine transformation is a data transformation which consists in applying the cosine function to a (one dimensional) real number input. The cosine function is one of the basic trigonometric functions and a definition is provided, e.g., at http://mathworld.wolfram.com/Cosine.html.			https://www.ebi.ac.uk/ols4/api/ontologies/obi/terms?iri=http%3A%2F%2Fpurl.obolibrary.org%2Fobo%2FOBI_0200017	has cosine	cosine transformation	ols_api_top	0.39	related	ols_api	right	http://purl.obolibrary.org/obo/OBI_0200017	cosine transformation	obi	https://www.ebi.ac.uk/ols4/search?q=has+cosine	https://bioportal.bioontology.org/search?query=has+cosine	needs_review	pma		2026-03-02T19:54:11Z		Auto-suggested OLS pair; review definition/scope before approval
CAND_0053	EMI	https://w3id.org/emi#hasCosmicScore	has cosmic score				edam	http://edamontology.org/data_3264	COSMIC ID	Identifier of a COSMIC database entry.			https://www.ebi.ac.uk/ols4/api/ontologies/edam/terms?iri=http%3A%2F%2Fedamontology.org%2Fdata_3264	has cosmic score	cosmic id	ols_api_top	0.56	related	ols_api	right	http://edamontology.org/data_3264	COSMIC ID	edam	https://www.ebi.ac.uk/ols4/search?q=has+cosmic+score	https://bioportal.bioontology.org/search?query=has+cosmic+score	needs_review	pma		2026-03-02T19:54:11Z		Auto-suggested OLS pair; review definition/scope before approval
CAND_0054	EMI	https://w3id.org/emi#hasDevelopmentalStage	has developmental stage		The source or target organism sample of an interaction system such as GloBI can have a developmental stage.		edam	http://edamontology.org/topic_3064	Developmental biology	How organisms grow and develop.			https://www.ebi.ac.uk/ols4/api/ontologies/edam/terms?iri=http%3A%2F%2Fedamontology.org%2Ftopic_3064	has developmental stage	developmental biology	ols_api_top	0.68	related	ols_api	right	http://edamontology.org/topic_3064	Developmental biology	edam	https://www.ebi.ac.uk/ols4/search?q=has+developmental+stage	https://bioportal.bioontology.org/search?query=has+developmental+stage	needs_review	pma		2026-03-02T19:54:11Z		Auto-suggested OLS pair; review definition/scope before approval
CAND_0055	EMI	https://w3id.org/emi#hasFBMNComponent	has FBMN component		Feature-based molecular network component.	@prefix emi: <https://w3id.org/emi#> .\n@prefix usi: <https://metabolomics-usi.ucsd.edu/dashinterface/?usi1=> .\nusi:mzspec%3AMSV000087728%3AVGF153_A02_features_ms2_neg.mgf%3Ascan%3A356 rdf:type emi:LCMSFeature ;\n            emi:hasFBMNComponent :VGF153_A02_fbmn_neg_componentindex_0 .	ms	http://purl.obolibrary.org/obo/MS_1002197	TOPP OpenSwath component	OpenSwath component of the TOPP software.			https://www.ebi.ac.uk/ols4/api/ontologies/ms/terms?iri=http%3A%2F%2Fpurl.obolibrary.org%2Fobo%2FMS_1002197	has fbmn component	topp open swath component	ols_api_top	0.51	related	ols_api	right	http://purl.obolibrary.org/obo/MS_1002197	TOPP OpenSwath component	ms	https://www.ebi.ac.uk/ols4/search?q=has+FBMN+component	https://bioportal.bioontology.org/search?query=has+FBMN+component	needs_review	pma		2026-03-02T19:54:11Z		Auto-suggested OLS pair; review definition/scope before approval
CAND_0056	EMI	https://w3id.org/emi#hasFeatureArea	has feature area		Assign a feature area to a MS2 spectrum.	"@prefix emi: <https://w3id.org/emi#> .\n@prefix usi: <https://metabolomics-usi.ucsd.edu/dashinterface/?usi1=> .\nusi:mzspec%3AMSV000087728%3AVGF153_A02_features_ms2_neg.mgf%3Ascan%3A356 rdf:type emi:LCMSFeature ;\n            emi:hasFeatureArea ""1180836.665658199""^^xsd:double ."	ms	http://purl.obolibrary.org/obo/MS_1001844	MS1 feature area	Area of MS1 feature.			https://www.ebi.ac.uk/ols4/api/ontologies/ms/terms?iri=http%3A%2F%2Fpurl.obolibrary.org%2Fobo%2FMS_1001844	has feature area	ms1 feature area	ols_api_top	0.88	close	ols_api	right	http://purl.obolibrary.org/obo/MS_1001844	MS1 feature area	ms	https://www.ebi.ac.uk/ols4/search?q=has+feature+area	https://bioportal.bioontology.org/search?query=has+feature+area	needs_review	pma		2026-03-02T19:54:11Z		Auto-suggested OLS pair; review definition/scope before approval
CAND_0057	EMI	https://w3id.org/emi#hasFinalScore	has final score		An ISDB score.		ms	http://purl.obolibrary.org/obo/MS_1003311	Lipid empirical score	The lipid empirical score is a point-based lipid class-specific scoring system based on MS and other evidence sources as defined by the Lipidomics Standards Initiative (LSI). The score has a numeric value between 0 and 100. Score values are lipid class-specific and are therefore not immediately comparable between lipid classes.			https://www.ebi.ac.uk/ols4/api/ontologies/ms/terms?iri=http%3A%2F%2Fpurl.obolibrary.org%2Fobo%2FMS_1003311	has final score	lipid empirical score	ols_api_top	0.56	related	ols_api	right	http://purl.obolibrary.org/obo/MS_1003311	Lipid empirical score	ms	https://www.ebi.ac.uk/ols4/search?q=has+final+score	https://bioportal.bioontology.org/search?query=has+final+score	needs_review	pma		2026-03-02T19:54:11Z		Auto-suggested OLS pair; review definition/scope before approval
CAND_0058	EMI	https://w3id.org/emi#hasFirstMember	has first member		The first member of a spectral pair.		obi	http://purl.obolibrary.org/obo/OBI_0001688	has organization member	Relating an organization to a legal person or organization.			https://www.ebi.ac.uk/ols4/api/ontologies/obi/properties?iri=http%3A%2F%2Fpurl.obolibrary.org%2Fobo%2FOBI_0001688	has first member	has organization member	ols_api_top	0.67	related	ols_api	right	http://purl.obolibrary.org/obo/OBI_0001688	has organization member	obi	https://www.ebi.ac.uk/ols4/search?q=has+first+member	https://bioportal.bioontology.org/search?query=has+first+member	needs_review	pma		2026-03-02T19:54:11Z		Auto-suggested OLS pair; review definition/scope before approval
CAND_0059	EMI	https://w3id.org/emi#hasGNPSLCMSLink	has GNPS LCMS link		It relates  GNPS LCMS link to a LCMS Analysis.	"@prefix emi: <https://w3id.org/emi#> .\n@prefix : <https://w3id.org/emi/abox#> .\n@prefix usi: <https://metabolomics-usi.ucsd.edu/dashinterface/?usi1=> .\n:VGF138_A02_neg.mzXML rdf:type emi:LCMSAnalysis ;\n            emi:hasGNPSLCMSLink ""https://dashboard.gnps2.org/?usi=mzspec%3AMSV000087728%3AVGF138_A02_neg.mzXML""^^xsd:anyURI ."	chebi	http://purl.obolibrary.org/obo/CHEBI_64759	lysyl-pyrrole cross-link	A collagen cross-link postulated to be formed from the reaction of a telopeptidyl lysine-aldehyde and the immature cross-link lysino-5-ketonorleucine (LKNL, CHEBI:64750).			https://www.ebi.ac.uk/ols4/api/ontologies/chebi/terms?iri=http%3A%2F%2Fpurl.obolibrary.org%2Fobo%2FCHEBI_64759	has gnps lcms link	lysyl pyrrole cross link	ols_api_top	0.48	related	ols_api	right	http://purl.obolibrary.org/obo/CHEBI_64759	lysyl-pyrrole cross-link	chebi	https://www.ebi.ac.uk/ols4/search?q=has+GNPS+LCMS+link	https://bioportal.bioontology.org/search?query=has+GNPS+LCMS+link	needs_review	pma		2026-03-02T19:54:11Z		Auto-suggested OLS pair; review definition/scope before approval
CAND_0060	EMI	https://w3id.org/emi#hasHabitat	has habitat		It can be used to assign a habitat to an interaction system such as from GloBI. When applicable, we recommend to state ENVO or CMECS vocabulary terms.		chebi	http://purl.obolibrary.org/obo/CHEBI_71645	type A lantibiotic	Any lantibiotic which has which has a long, flexible structure.			https://www.ebi.ac.uk/ols4/api/ontologies/chebi/terms?iri=http%3A%2F%2Fpurl.obolibrary.org%2Fobo%2FCHEBI_71645	has habitat	type a lantibiotic	ols_api_top	0.41	related	ols_api	right	http://purl.obolibrary.org/obo/CHEBI_71645	type A lantibiotic	chebi	https://www.ebi.ac.uk/ols4/search?q=has+habitat	https://bioportal.bioontology.org/search?query=has+habitat	needs_review	pma		2026-03-02T19:54:11Z		Auto-suggested OLS pair; review definition/scope before approval
CAND_0061	EMI	https://w3id.org/emi#hasInChIKey	has InChIKey		It can be used to assign an InChIKey either to a chemical or to an spectrum annotation.	"@prefix : <https://w3id.org/emi/abox#> .\n@prefix emi: <https://w3id.org/emi#> .\n@prefix wd: <http://www.wikidata.org/entity/> .\nwd:Q27145340 rdf:type emi:Chemical ;\n            dcterms:identifier ""Q27145340"" ;\n            emi:hasInChIKey :ZCCLDKGWJIREQF-PDBXOOCHSA-N ."	edam	http://edamontology.org/format_1199	InChIKey	The InChIKey (hashed InChI) is a fixed length (25 character) condensed digital representation of an InChI chemical structure specification. It uniquely identifies a chemical compound.			https://www.ebi.ac.uk/ols4/api/ontologies/edam/terms?iri=http%3A%2F%2Fedamontology.org%2Fformat_1199	has in ch ikey	in ch ikey	ols_api_top	0.83	related	ols_api	right	http://edamontology.org/format_1199	InChIKey	edam	https://www.ebi.ac.uk/ols4/search?q=has+InChIKey	https://bioportal.bioontology.org/search?query=has+InChIKey	needs_review	pma		2026-03-02T19:54:11Z		Auto-suggested OLS pair; review definition/scope before approval
CAND_0062	EMI	https://w3id.org/emi#hasInChIKey2D	has InChIKey2D		It can be used to represent the InChIKey2D of an emi:InChIKey that is chemical structure.	@prefix : <https://w3id.org/emi/abox#> .\n@prefix emi: <https://w3id.org/emi#> .\n@prefix wd: <http://www.wikidata.org/entity/> .\n:ZCCLDKGWJIREQF-PDBXOOCHSA-N  rdf:type emi:InChIKey ;\n            emi:hasInChIKey2D :ZCCLDKGWJIREQF .	chmo	http://purl.obolibrary.org/obo/CHMO_0002592	carbon electrode	An electrode that consists of a sample of granular carbon material that has been bound with pitch and has been fired at high temperature.			https://www.ebi.ac.uk/ols4/api/ontologies/chmo/terms?iri=http%3A%2F%2Fpurl.obolibrary.org%2Fobo%2FCHMO_0002592	has in ch ikey2 d	carbon electrode	ols_api_top	0.30	related	ols_api	right	http://purl.obolibrary.org/obo/CHMO_0002592	carbon electrode	chmo	https://www.ebi.ac.uk/ols4/search?q=has+InChIKey2D	https://bioportal.bioontology.org/search?query=has+InChIKey2D	needs_review	pma		2026-03-02T19:54:11Z		Auto-suggested OLS pair; review definition/scope before approval
CAND_0063	EMI	https://w3id.org/emi#hasLCMSFeature	has LCMS feature		It relates a LCMS feature set to a feature.	@prefix emi: <https://w3id.org/emi#> .\n@prefix : <https://w3id.org/emi/abox#> .\n@prefix usi: <https://metabolomics-usi.ucsd.edu/dashinterface/?usi1=> .\n:VGF153_A02_lcms_feature_list_neg rdf:type emi:LCMSFeatureSet ;\n            emi:hasLCMSFeature usi:mzspec%3AMSV000087728%3AVGF153_A02_features_ms2_neg.mgf%3Ascan%3A1 .	obi	http://purl.obolibrary.org/obo/OBI_0000292	has_feature_value	has_feature_value datatype property is used to describe the feature values which the feature class can contain, for example has_base can have feature values of nonNegativeInteger values.			https://www.ebi.ac.uk/ols4/api/ontologies/obi/properties?iri=http%3A%2F%2Fpurl.obolibrary.org%2Fobo%2FOBI_0000292	has lcms feature	has feature value	ols_api_top	0.67	related	ols_api	right	http://purl.obolibrary.org/obo/OBI_0000292	has_feature_value	obi	https://www.ebi.ac.uk/ols4/search?q=has+LCMS+feature	https://bioportal.bioontology.org/search?query=has+LCMS+feature	needs_review	pma		2026-03-02T19:54:11Z		Auto-suggested OLS pair; review definition/scope before approval
CAND_0064	EMI	https://w3id.org/emi#hasLCMSFeatureSet	has LCMS feature set		It relates a LCMS analysis to a set of features.	@prefix emi: <https://w3id.org/emi#> .\n:VGF138_A02_neg.mzXML rdf:type emi:LCMSAnalysis ;\n            emi:hasLCMSFeatureSet :VGF153_A02_lcms_feature_list_neg .	edam	http://edamontology.org/data_1020	Sequence feature key	The type of a sequence feature, typically a term or accession from the Sequence Ontology, for example an EMBL or Swiss-Prot sequence feature key.			https://www.ebi.ac.uk/ols4/api/ontologies/edam/terms?iri=http%3A%2F%2Fedamontology.org%2Fdata_1020	has lcms feature set	sequence feature key	ols_api_top	0.60	related	ols_api	right	http://edamontology.org/data_1020	Sequence feature key	edam	https://www.ebi.ac.uk/ols4/search?q=has+LCMS+feature+set	https://bioportal.bioontology.org/search?query=has+LCMS+feature+set	needs_review	pma		2026-03-02T19:54:11Z		Auto-suggested OLS pair; review definition/scope before approval
CAND_0065	EMI	https://w3id.org/emi#hasMassDifference	has Mass difference				ms	http://purl.obolibrary.org/obo/MS_1000011	mass resolution	Smallest mass difference between two equal magnitude peaks so that the valley between them is a specified fraction of the peak height.			https://www.ebi.ac.uk/ols4/api/ontologies/ms/terms?iri=http%3A%2F%2Fpurl.obolibrary.org%2Fobo%2FMS_1000011	has mass difference	mass resolution	ols_api_top	0.47	related	ols_api	right	http://purl.obolibrary.org/obo/MS_1000011	mass resolution	ms	https://www.ebi.ac.uk/ols4/search?q=has+Mass+difference	https://bioportal.bioontology.org/search?query=has+Mass+difference	needs_review	pma		2026-03-02T19:54:11Z		Auto-suggested OLS pair; review definition/scope before approval
CAND_0066	EMI	https://w3id.org/emi#hasMassiveDOI	has Massive DOI.		It assigns a Massive repository DOI to a LCMS Analysis.	@prefix emi: <https://w3id.org/emi#> .\n@prefix : <https://w3id.org/emi/abox#> .\n@prefix usi: <https://metabolomics-usi.ucsd.edu/dashinterface/?usi1=> .\n:VGF138_A02_neg.mzXML rdf:type emi:LCMSAnalysis ;\n            emi:hasMassiveDOI <https://massive.ucsd.edu/ProteoSAFe/dataset.jsp?accession=MSV000087728> .	ms	http://purl.obolibrary.org/obo/MS_1002488	MassIVE dataset URI	URI that allows the access to one dataset in the MassIVE repository. A dataset can refer to either a single sample as part of a study, or all samples that are part of the study corresponding to a publication.			https://www.ebi.ac.uk/ols4/api/ontologies/ms/terms?iri=http%3A%2F%2Fpurl.obolibrary.org%2Fobo%2FMS_1002488	has massive doi	mass ive dataset uri	ols_api_top	0.57	related	ols_api	right	http://purl.obolibrary.org/obo/MS_1002488	MassIVE dataset URI	ms	https://www.ebi.ac.uk/ols4/search?q=has+Massive+DOI.	https://bioportal.bioontology.org/search?query=has+Massive+DOI.	needs_review	pma		2026-03-02T19:54:11Z		Auto-suggested OLS pair; review definition/scope before approval
CAND_0067	EMI	https://w3id.org/emi#hasPairMember	has pair member		LCMSFeature		obi	http://purl.obolibrary.org/obo/OBI_0001688	has organization member	Relating an organization to a legal person or organization.			https://www.ebi.ac.uk/ols4/api/ontologies/obi/properties?iri=http%3A%2F%2Fpurl.obolibrary.org%2Fobo%2FOBI_0001688	has pair member	has organization member	ols_api_top	0.68	related	ols_api	right	http://purl.obolibrary.org/obo/OBI_0001688	has organization member	obi	https://www.ebi.ac.uk/ols4/search?q=has+pair+member	https://bioportal.bioontology.org/search?query=has+pair+member	needs_review	pma		2026-03-02T19:54:11Z		Auto-suggested OLS pair; review definition/scope before approval
CAND_0068	EMI	https://w3id.org/emi#hasParentMass	has parent mass		The parent mass of a LCMS feature.	"@prefix emi: <https://w3id.org/emi#> .\n@prefix usi: <https://metabolomics-usi.ucsd.edu/dashinterface/?usi1=> .\nusi:mzspec%3AMSV000087728%3AVGF153_A02_features_ms2_neg.mgf%3Ascan%3A356 rdf:type emi:LCMSFeature ;\n            emi:hasParentMass ""833.447509765625""^^xsd:double ."	obi	http://purl.obolibrary.org/obo/OBI_0000445	mass measurement assay	An assay that determines the mass of an evaluant			https://www.ebi.ac.uk/ols4/api/ontologies/obi/terms?iri=http%3A%2F%2Fpurl.obolibrary.org%2Fobo%2FOBI_0000445	has parent mass	mass measurement assay	ols_api_top	0.65	related	ols_api	right	http://purl.obolibrary.org/obo/OBI_0000445	mass measurement assay	obi	https://www.ebi.ac.uk/ols4/search?q=has+parent+mass	https://bioportal.bioontology.org/search?query=has+parent+mass	needs_review	pma		2026-03-02T19:54:11Z		Auto-suggested OLS pair; review definition/scope before approval
CAND_0069	EMI	https://w3id.org/emi#hasPathway	has pathway			@prefix emi: <https://w3id.org/emi#> .\n@prefix : <https://w3id.org/emi/abox#> .\n@prefix npc: <https://w3id.org/emi/npc#> .\n:CANOPUS-mzspec%3AMSV000087728%3AVGF147_E06_features_ms2_neg.mgf%3Ascan%3A45 rdf:type emi:ChemicalTaxonAnnotation ;\n            emi:hasPathway npc:TERPENOIDS .	edam	http://edamontology.org/data_3952	Pathway ID (WikiPathways)	Identifier of a pathway from the WikiPathways pathway database.			https://www.ebi.ac.uk/ols4/api/ontologies/edam/terms?iri=http%3A%2F%2Fedamontology.org%2Fdata_3952	has pathway	pathway id	ols_api_top	0.67	related	ols_api	right	http://edamontology.org/data_3952	Pathway ID (WikiPathways)	edam	https://www.ebi.ac.uk/ols4/search?q=has+pathway	https://bioportal.bioontology.org/search?query=has+pathway	needs_review	pma		2026-03-02T19:54:11Z		Auto-suggested OLS pair; review definition/scope before approval
CAND_0070	EMI	https://w3id.org/emi#hasPhysiologicalStage	has physiological stage		It can be used to assign a physiological stage to a source and/or target organism sample in an interaction system such as GloBI. When applicable, we recommend to state PATO vocabulary anatomical entity terms.		chmo	http://purl.obolibrary.org/obo/CHMO_0000947	optical microscope	A piece of apparatus, consisting of an eyepiece, an objective lens, object turret, stage, and light source, which collects electromagnetic radiation in the visible range.			https://www.ebi.ac.uk/ols4/api/ontologies/chmo/terms?iri=http%3A%2F%2Fpurl.obolibrary.org%2Fobo%2FCHMO_0000947	has physiological stage	optical microscope	ols_api_top	0.39	related	ols_api	right	http://purl.obolibrary.org/obo/CHMO_0000947	optical microscope	chmo	https://www.ebi.ac.uk/ols4/search?q=has+physiological+stage	https://bioportal.bioontology.org/search?query=has+physiological+stage	needs_review	pma		2026-03-02T19:54:11Z		Auto-suggested OLS pair; review definition/scope before approval
CAND_0071	EMI	https://w3id.org/emi#hasProbability	has probability			"@prefix : <https://w3id.org/emi/abox#> .\n@prefix emi: <https://w3id.org/emi#> .\n:CANOPUS-mzspec%3AMSV000087728%3AVGF147_E06_features_ms2_neg.mgf%3Ascan%3A45 rdf:type emi:ChemicalTaxonAnnotation ;\n            emi:hasProbability ""0.5601769685745239""^^xsd:double ."	ms	http://purl.obolibrary.org/obo/MS_1001154	SEQUEST:probability	The SEQUEST result 'Probability'.			https://www.ebi.ac.uk/ols4/api/ontologies/ms/terms?iri=http%3A%2F%2Fpurl.obolibrary.org%2Fobo%2FMS_1001154	has probability	sequest probability	ols_api_top	0.76	related	ols_api	right	http://purl.obolibrary.org/obo/MS_1001154	SEQUEST:probability	ms	https://www.ebi.ac.uk/ols4/search?q=has+probability	https://bioportal.bioontology.org/search?query=has+probability	needs_review	pma		2026-03-02T19:54:11Z		Auto-suggested OLS pair; review definition/scope before approval
CAND_0072	EMI	https://w3id.org/emi#hasRelativeFeatureArea	has relative feature area		The relative feature area of a LCMS individual MS2 spectrum.	"@prefix emi: <https://w3id.org/emi#> .\n@prefix usi: <https://metabolomics-usi.ucsd.edu/dashinterface/?usi1=> .\nusi:mzspec%3AMSV000087728%3AVGF153_A02_features_ms2_neg.mgf%3Ascan%3A356 rdf:type emi:LCMSFeature ;\n            emi:hasRelativeFeatureArea ""0.0004294112935902454""^^xsd:double ."	ms	http://purl.obolibrary.org/obo/MS_1001844	MS1 feature area	Area of MS1 feature.			https://www.ebi.ac.uk/ols4/api/ontologies/ms/terms?iri=http%3A%2F%2Fpurl.obolibrary.org%2Fobo%2FMS_1001844	has relative feature area	ms1 feature area	ols_api_top	0.68	related	ols_api	right	http://purl.obolibrary.org/obo/MS_1001844	MS1 feature area	ms	https://www.ebi.ac.uk/ols4/search?q=has+relative+feature+area	https://bioportal.bioontology.org/search?query=has+relative+feature+area	needs_review	pma		2026-03-02T19:54:11Z		Auto-suggested OLS pair; review definition/scope before approval
CAND_0073	EMI	https://w3id.org/emi#hasRetentionTime	has retention time		The retention time of a LCMS individual MS2 spectrum.	"@prefix emi: <https://w3id.org/emi#> .\n@prefix usi: <https://metabolomics-usi.ucsd.edu/dashinterface/?usi1=> .\nusi:mzspec%3AMSV000087728%3AVGF153_A02_features_ms2_neg.mgf%3Ascan%3A356 rdf:type emi:LCMSFeature ;\n            emi:hasRetentionTime ""7.663716666666667""^^xsd:double ."	chmo	http://purl.obolibrary.org/obo/CHMO_0002749	retention index	An experimental method output that consists of a number relating the adjusted retention volume or retention factor of the sample component to the adjusted retention volumes or retention factors of standards eluted before and after the peak of the sample component.			https://www.ebi.ac.uk/ols4/api/ontologies/chmo/terms?iri=http%3A%2F%2Fpurl.obolibrary.org%2Fobo%2FCHMO_0002749	has retention time	retention index	ols_api_top	0.73	related	ols_api	right	http://purl.obolibrary.org/obo/CHMO_0002749	retention index	chmo	https://www.ebi.ac.uk/ols4/search?q=has+retention+time	https://bioportal.bioontology.org/search?query=has+retention+time	needs_review	pma		2026-03-02T19:54:11Z		Auto-suggested OLS pair; review definition/scope before approval
CAND_0074	EMI	https://w3id.org/emi#hasRowId	has row id		The row id of a LCMS individual MS2 spectrum.	"@prefix emi: <https://w3id.org/emi#> .\n@prefix usi: <https://metabolomics-usi.ucsd.edu/dashinterface/?usi1=> .\nusi:mzspec%3AMSV000087728%3AVGF153_A02_features_ms2_neg.mgf%3Ascan%3A356 rdf:type emi:LCMSFeature ;\n            emi:hasRowId ""356""^^xsd:integer ."	ms	http://purl.obolibrary.org/obo/MS_1000669	Pro ICAT	Applied Biosystems|MDS SCIEX software for protein ID and quant by ICAT.			https://www.ebi.ac.uk/ols4/api/ontologies/ms/terms?iri=http%3A%2F%2Fpurl.obolibrary.org%2Fobo%2FMS_1000669	has row id	pro icat	ols_api_top	0.44	related	ols_api	right	http://purl.obolibrary.org/obo/MS_1000669	Pro ICAT	ms	https://www.ebi.ac.uk/ols4/search?q=has+row+id	https://bioportal.bioontology.org/search?query=has+row+id	needs_review	pma		2026-03-02T19:54:11Z		Auto-suggested OLS pair; review definition/scope before approval
CAND_0075	EMI	https://w3id.org/emi#hasSMILES	has SMILES		The simplified molecular-input line-entry system (SMILES) is a specification in the form of a line notation for describing the structure of chemical species using short ASCII strings.		edam	http://edamontology.org/format_1196	SMILES	Chemical structure specified in Simplified Molecular Input Line Entry System (SMILES) line notation.			https://www.ebi.ac.uk/ols4/api/ontologies/edam/terms?iri=http%3A%2F%2Fedamontology.org%2Fformat_1196	has smiles	smiles	ols_api_top	0.75	related	ols_api	right	http://edamontology.org/format_1196	SMILES	edam	https://www.ebi.ac.uk/ols4/search?q=has+SMILES	https://bioportal.bioontology.org/search?query=has+SMILES	needs_review	pma		2026-03-02T19:54:11Z		Auto-suggested OLS pair; review definition/scope before approval
CAND_0076	EMI	https://w3id.org/emi#hasScore	has score			"@prefix emi: <https://w3id.org/emi#> .\n@prefix : <https://w3id.org/emi/abox#> .\n:spec2vec_doc_mzspec%3AMSV000087728%3AVGF153_A02_features_ms2_neg.mgf%3Ascan%3A356 rdf:type emi:Spec2VecDoc ;\n            emi:hasSpec2VecValue ""271.02""^^xsd:double ."	edam	http://edamontology.org/data_3756	Localisation score	Score for localization of one or more post-translational modifications in peptide sequence measured by mass spectrometry.			https://www.ebi.ac.uk/ols4/api/ontologies/edam/terms?iri=http%3A%2F%2Fedamontology.org%2Fdata_3756	has score	localisation score	ols_api_top	0.59	related	ols_api	right	http://edamontology.org/data_3756	Localisation score	edam	https://www.ebi.ac.uk/ols4/search?q=has+score	https://bioportal.bioontology.org/search?query=has+score	needs_review	pma		2026-03-02T19:54:11Z		Auto-suggested OLS pair; review definition/scope before approval
CAND_0077	EMI	https://w3id.org/emi#hasSecondMember	has second member		The second member of a spectral pair.		obi	http://purl.obolibrary.org/obo/OBI_0001688	has organization member	Relating an organization to a legal person or organization.			https://www.ebi.ac.uk/ols4/api/ontologies/obi/properties?iri=http%3A%2F%2Fpurl.obolibrary.org%2Fobo%2FOBI_0001688	has second member	has organization member	ols_api_top	0.65	related	ols_api	right	http://purl.obolibrary.org/obo/OBI_0001688	has organization member	obi	https://www.ebi.ac.uk/ols4/search?q=has+second+member	https://bioportal.bioontology.org/search?query=has+second+member	needs_review	pma		2026-03-02T19:54:11Z		Auto-suggested OLS pair; review definition/scope before approval
CAND_0078	EMI	https://w3id.org/emi#hasSex	has sex		It can be used to assign a biological sex to a source and/or target organism sample in an interaction system such as GloBI. When applicable, we recommend to state PATO vocabulary biological sex terms.		chebi	http://purl.obolibrary.org/obo/CHEBI_50112	sex hormone	Any hormone that is responsible for controlling sexual characteristics and reproductive function.			https://www.ebi.ac.uk/ols4/api/ontologies/chebi/terms?iri=http%3A%2F%2Fpurl.obolibrary.org%2Fobo%2FCHEBI_50112	has sex	sex hormone	ols_api_top	0.33	related	ols_api	right	http://purl.obolibrary.org/obo/CHEBI_50112	sex hormone	chebi	https://www.ebi.ac.uk/ols4/search?q=has+sex	https://bioportal.bioontology.org/search?query=has+sex	needs_review	pma		2026-03-02T19:54:11Z		Auto-suggested OLS pair; review definition/scope before approval
CAND_0079	EMI	https://w3id.org/emi#hasSource	has source		An interaction system has a source sample that interacts with a target one. emi:hasSource should state the origin of an interaction.		edam	http://edamontology.org/data_3721	Isolation source	A report about any kind of isolation source of biological material e.g. blood, water, soil.			https://www.ebi.ac.uk/ols4/api/ontologies/edam/terms?iri=http%3A%2F%2Fedamontology.org%2Fdata_3721	has source	isolation source	ols_api_top	0.62	related	ols_api	right	http://edamontology.org/data_3721	Isolation source	edam	https://www.ebi.ac.uk/ols4/search?q=has+source	https://bioportal.bioontology.org/search?query=has+source	needs_review	pma		2026-03-02T19:54:11Z		Auto-suggested OLS pair; review definition/scope before approval
CAND_0080	EMI	https://w3id.org/emi#hasSpec2VecDoc	has spec2vec documentation			@prefix emi: <https://w3id.org/emi#> .\n@prefix : <https://w3id.org/emi/abox#> .\n@prefix usi: <https://metabolomics-usi.ucsd.edu/dashinterface/?usi1=> .\nusi:mzspec%3AMSV000087728%3AVGF153_A02_features_ms2_neg.mgf%3Ascan%3A356 rdf:type emi:LCMSFeature ;\n            emi:hasSpec2VecDoc :spec2vec_doc_mzspec%3AMSV000087728%3AVGF153_A02_features_ms2_neg.mgf%3Ascan%3A356 .	obi	http://purl.obolibrary.org/obo/OBI_0000107	provides_service_consumer_with	A relation between a service and the primary processual part of the service that is performed by the provider for the consumer.			https://www.ebi.ac.uk/ols4/api/ontologies/obi/properties?iri=http%3A%2F%2Fpurl.obolibrary.org%2Fobo%2FOBI_0000107	has spec2vec documentation	provides service consumer with	ols_api_top	0.43	related	ols_api	right	http://purl.obolibrary.org/obo/OBI_0000107	provides_service_consumer_with	obi	https://www.ebi.ac.uk/ols4/search?q=has+spec2vec+documentation	https://bioportal.bioontology.org/search?query=has+spec2vec+documentation	needs_review	pma		2026-03-02T19:54:11Z		Auto-suggested OLS pair; review definition/scope before approval
CAND_0081	EMI	https://w3id.org/emi#hasSpec2VecLoss	has spec2vec loss		The Spec2Vec losses of a Spec2Vec document.	"@prefix emi: <https://w3id.org/emi#> .\n@prefix : <https://w3id.org/emi/abox#> .\n:spec2vec_doc_mzspec%3AMSV000087728%3AVGF153_A02_features_ms2_neg.mgf%3Ascan%3A356 rdf:type emi:Spec2VecDoc ;\n            emi:hasSpec2VecLoss ""157.86""^^xsd:double ."	obi	http://purl.obolibrary.org/obo/OBI_0000953	processed specimen	A specimen that has been intentionally physically modified.			https://www.ebi.ac.uk/ols4/api/ontologies/obi/terms?iri=http%3A%2F%2Fpurl.obolibrary.org%2Fobo%2FOBI_0000953	has spec2vec loss	processed specimen	ols_api_top	0.40	related	ols_api	right	http://purl.obolibrary.org/obo/OBI_0000953	processed specimen	obi	https://www.ebi.ac.uk/ols4/search?q=has+spec2vec+loss	https://bioportal.bioontology.org/search?query=has+spec2vec+loss	needs_review	pma		2026-03-02T19:54:11Z		Auto-suggested OLS pair; review definition/scope before approval
CAND_0082	EMI	https://w3id.org/emi#hasSpec2VecPeak	has spec2vec peak		The Spec2Vec peaks of a Spec2Vec document.	"@prefix emi: <https://w3id.org/emi#> .\n@prefix : <https://w3id.org/emi/abox#> .\n:spec2vec_doc_mzspec%3AMSV000087728%3AVGF153_A02_features_ms2_neg.mgf%3Ascan%3A356 rdf:type emi:Spec2VecDoc ;\n            emi:hasSpec2VecPeak ""271.02""^^xsd:double ."	ms	http://purl.obolibrary.org/obo/MS_1002957	isotopomer MS peak	The described isotopomer mass spectrometric signal. The value slot contains a description of the represented isotopomer, e.g. '13C peak', '15N peak', '2H peak', '18O peak' or '31P peak'.			https://www.ebi.ac.uk/ols4/api/ontologies/ms/terms?iri=http%3A%2F%2Fpurl.obolibrary.org%2Fobo%2FMS_1002957	has spec2vec peak	isotopomer ms peak	ols_api_top	0.46	related	ols_api	right	http://purl.obolibrary.org/obo/MS_1002957	isotopomer MS peak	ms	https://www.ebi.ac.uk/ols4/search?q=has+spec2vec+peak	https://bioportal.bioontology.org/search?query=has+spec2vec+peak	needs_review	pma		2026-03-02T19:54:11Z		Auto-suggested OLS pair; review definition/scope before approval
CAND_0083	EMI	https://w3id.org/emi#hasSpec2VecValue	has spec2vec value		A mass spectral similarity scoring through learning of structural relationships. Spec2vec is a novel spectral similarity score inspired by a natural language processing algorithm -- Word2Vec. Where Word2Vec learns relationships between words in sentences, spec2vec does so for mass fragments and neutral losses in MS/MS spectra. The spectral similarity score is based on spectral embeddings learnt from the fragmental relationships within a large set of spectral data. Analysis and benchmarking of mass spectra similarity measures using gnps data set.	"@prefix emi: <https://w3id.org/emi#> .\n@prefix : <https://w3id.org/emi/abox#> .\n:spec2vec_doc_mzspec%3AMSV000087728%3AVGF153_A02_features_ms2_neg.mgf%3Ascan%3A356 rdf:type emi:Spec2VecDoc ;\n            emi:hasSpec2VecValue ""271.02""^^xsd:double ."	obi	http://purl.obolibrary.org/obo/OBI_0001937	has specified numeric value	A relation between a value specification and a number that quantifies it.			https://www.ebi.ac.uk/ols4/api/ontologies/obi/properties?iri=http%3A%2F%2Fpurl.obolibrary.org%2Fobo%2FOBI_0001937	has spec2vec value	has specified numeric value	ols_api_top	0.71	related	ols_api	right	http://purl.obolibrary.org/obo/OBI_0001937	has specified numeric value	obi	https://www.ebi.ac.uk/ols4/search?q=has+spec2vec+value	https://bioportal.bioontology.org/search?query=has+spec2vec+value	needs_review	pma		2026-03-02T19:54:11Z		Auto-suggested OLS pair; review definition/scope before approval
CAND_0084	EMI	https://w3id.org/emi#hasSpectralScore	has spectral score		An ISDB score.		chmo	http://purl.obolibrary.org/obo/CHMO_0000581	microspectroscopy	Any type of chemical imaging spectroscopy where an optical microscope is used to image the sample and locate a small area for spectral analysis.			https://www.ebi.ac.uk/ols4/api/ontologies/chmo/terms?iri=http%3A%2F%2Fpurl.obolibrary.org%2Fobo%2FCHMO_0000581	has spectral score	microspectroscopy	ols_api_top	0.51	related	ols_api	right	http://purl.obolibrary.org/obo/CHMO_0000581	microspectroscopy	chmo	https://www.ebi.ac.uk/ols4/search?q=has+spectral+score	https://bioportal.bioontology.org/search?query=has+spectral+score	needs_review	pma		2026-03-02T19:54:11Z		Auto-suggested OLS pair; review definition/scope before approval
CAND_0085	EMI	https://w3id.org/emi#hasSpectrum	has spectrum		It assigns a MS2 spectrum to, for instance, a LCMS feature set. The domain is not defined to provide flexibility. For a LCMS feature set prefer to state the  emi:hasLCMSFeature property.	@prefix emi: <https://w3id.org/emi#> .\n@prefix : <https://w3id.org/emi/abox#> .\n@prefix usi: <https://metabolomics-usi.ucsd.edu/dashinterface/?usi1=> .\n:VGF153_A02_lcms_feature_list_neg rdf:type emi:LCMSFeatureSet ;\n            emi:hasSpectrum usi:mzspec%3AMSV000087728%3AVGF153_A02_features_ms2_neg.mgf%3Ascan%3A1 .	ms	http://purl.obolibrary.org/obo/MS_1000579	MS1 spectrum	Mass spectrum created by a single-stage MS experiment or the first stage of a multi-stage experiment.			https://www.ebi.ac.uk/ols4/api/ontologies/ms/terms?iri=http%3A%2F%2Fpurl.obolibrary.org%2Fobo%2FMS_1000579	has spectrum	ms1 spectrum	ols_api_top	0.83	related	ols_api	right	http://purl.obolibrary.org/obo/MS_1000579	MS1 spectrum	ms	https://www.ebi.ac.uk/ols4/search?q=has+spectrum	https://bioportal.bioontology.org/search?query=has+spectrum	needs_review	pma		2026-03-02T19:54:11Z		Auto-suggested OLS pair; review definition/scope before approval
CAND_0086	EMI	https://w3id.org/emi#hasSuperClass	has super class			@prefix emi: <https://w3id.org/emi#> .\n@prefix : <https://w3id.org/emi/abox#> .\n@prefix npc: <https://w3id.org/emi/npc#> .\n:CANOPUS-mzspec%3AMSV000087728%3AVGF147_E06_features_ms2_neg.mgf%3Ascan%3A45 rdf:type emi:ChemicalTaxonAnnotation ;\n            emi:hasSuperClass npc:SESQUITERPENOIDS .	edam	http://edamontology.org/data_1092	WormBase class	Class of an object from the WormBase database.			https://www.ebi.ac.uk/ols4/api/ontologies/edam/terms?iri=http%3A%2F%2Fedamontology.org%2Fdata_1092	has super class	worm base class	ols_api_top	0.60	related	ols_api	right	http://edamontology.org/data_1092	WormBase class	edam	https://www.ebi.ac.uk/ols4/search?q=has+super+class	https://bioportal.bioontology.org/search?query=has+super+class	needs_review	pma		2026-03-02T19:54:11Z		Auto-suggested OLS pair; review definition/scope before approval
CAND_0087	EMI	https://w3id.org/emi#hasTarget	has target		An interaction system has a source sample that interacts with a target one. emi:hasTarget should state the target of an interaction.		edam	http://edamontology.org/data_2654	Target ID (TTD)	Identifier of a target protein from the Therapeutic Target Database (TTD).			https://www.ebi.ac.uk/ols4/api/ontologies/edam/terms?iri=http%3A%2F%2Fedamontology.org%2Fdata_2654	has target	target id	ols_api_top	0.63	related	ols_api	right	http://edamontology.org/data_2654	Target ID (TTD)	edam	https://www.ebi.ac.uk/ols4/search?q=has+target	https://bioportal.bioontology.org/search?query=has+target	needs_review	pma		2026-03-02T19:54:11Z		Auto-suggested OLS pair; review definition/scope before approval
CAND_0088	EMI	https://w3id.org/emi#hasTaxoScore	has taxo score		An ISDB score.		ms	http://purl.obolibrary.org/obo/MS_1003418	Kojak:delta score	The difference between the top Kojak score and the next best Kojak score for a PSM.			https://www.ebi.ac.uk/ols4/api/ontologies/ms/terms?iri=http%3A%2F%2Fpurl.obolibrary.org%2Fobo%2FMS_1003418	has taxo score	kojak delta score	ols_api_top	0.65	related	ols_api	right	http://purl.obolibrary.org/obo/MS_1003418	Kojak:delta score	ms	https://www.ebi.ac.uk/ols4/search?q=has+taxo+score	https://bioportal.bioontology.org/search?query=has+taxo+score	needs_review	pma		2026-03-02T19:54:11Z		Auto-suggested OLS pair; review definition/scope before approval
CAND_0089	EMI	https://w3id.org/emi#hasUSI	has universal spectrum identifier		The universal spectrum identifier provided by GNPS.	"@prefix emi: <https://w3id.org/emi#> .\n@prefix usi: <https://metabolomics-usi.ucsd.edu/dashinterface/?usi1=> .\nusi:mzspec%3AMSV000087728%3AVGF153_A02_features_ms2_neg.mgf%3Ascan%3A356 rdf:type emi:LCMSFeature ;\n            emi:hasUSI ""mzspec:MSV000087728:VGF153_A02_features_ms2_neg.mgf:scan:356"" ."	ms	http://purl.obolibrary.org/obo/MS_1003063	universal spectrum identifier	PSI universal spectrum identifier (USI) multipart key that uniquely identifies a spectrum available in a ProteomeXchange datasets or spectral library.			https://www.ebi.ac.uk/ols4/api/ontologies/ms/terms?iri=http%3A%2F%2Fpurl.obolibrary.org%2Fobo%2FMS_1003063	has universal spectrum identifier	universal spectrum identifier	ols_api_top	0.94	close	ols_api	right	http://purl.obolibrary.org/obo/MS_1003063	universal spectrum identifier	ms	https://www.ebi.ac.uk/ols4/search?q=has+universal+spectrum+identifier	https://bioportal.bioontology.org/search?query=has+universal+spectrum+identifier	needs_review	pma		2026-03-02T19:54:11Z		Auto-suggested OLS pair; review definition/scope before approval
CAND_0090	EMI	https://w3id.org/emi#hasZodiacScore	has zodiac score				ms	http://purl.obolibrary.org/obo/MS_1003418	Kojak:delta score	The difference between the top Kojak score and the next best Kojak score for a PSM.			https://www.ebi.ac.uk/ols4/api/ontologies/ms/terms?iri=http%3A%2F%2Fpurl.obolibrary.org%2Fobo%2FMS_1003418	has zodiac score	kojak delta score	ols_api_top	0.61	related	ols_api	right	http://purl.obolibrary.org/obo/MS_1003418	Kojak:delta score	ms	https://www.ebi.ac.uk/ols4/search?q=has+zodiac+score	https://bioportal.bioontology.org/search?query=has+zodiac+score	needs_review	pma		2026-03-02T19:54:11Z		Auto-suggested OLS pair; review definition/scope before approval
CAND_0091	EMI	https://w3id.org/emi#inChIKey	InChIKey value		The InChIKey data value, that is a textual representation of chemical structures. This value is composed of 27 characters and it is a condensed digital representation of the InChI.		edam	http://edamontology.org/format_1199	InChIKey	The InChIKey (hashed InChI) is a fixed length (25 character) condensed digital representation of an InChI chemical structure specification. It uniquely identifies a chemical compound.			https://www.ebi.ac.uk/ols4/api/ontologies/edam/terms?iri=http%3A%2F%2Fedamontology.org%2Fformat_1199	in ch ikey value	in ch ikey	ols_api_top	0.77	related	ols_api	right	http://edamontology.org/format_1199	InChIKey	edam	https://www.ebi.ac.uk/ols4/search?q=InChIKey+value	https://bioportal.bioontology.org/search?query=InChIKey+value	needs_review	pma		2026-03-02T19:54:11Z		Auto-suggested OLS pair; review definition/scope before approval
CAND_0092	EMI	https://w3id.org/emi#inChIKey2D	InChIKey 2D value		The InChIKey 2D data value, that is a textual representation of chemical structures. This value is composed of the first 14 characters of its corresponding InChIKey of 27 character fixed length.		edam	http://edamontology.org/format_1199	InChIKey	The InChIKey (hashed InChI) is a fixed length (25 character) condensed digital representation of an InChI chemical structure specification. It uniquely identifies a chemical compound.			https://www.ebi.ac.uk/ols4/api/ontologies/edam/terms?iri=http%3A%2F%2Fedamontology.org%2Fformat_1199	in ch ikey 2 d value	in ch ikey	ols_api_top	0.67	related	ols_api	right	http://edamontology.org/format_1199	InChIKey	edam	https://www.ebi.ac.uk/ols4/search?q=InChIKey+2D+value	https://bioportal.bioontology.org/search?query=InChIKey+2D+value	needs_review	pma		2026-03-02T19:54:11Z		Auto-suggested OLS pair; review definition/scope before approval
CAND_0093	EMI	https://w3id.org/emi#inTaxon	found in taxon				edam	http://edamontology.org/data_2594	UniGene taxon	The name of a taxon using the controlled vocabulary of the UniGene database.			https://www.ebi.ac.uk/ols4/api/ontologies/edam/terms?iri=http%3A%2F%2Fedamontology.org%2Fdata_2594	found in taxon	uni gene taxon	ols_api_top	0.71	related	ols_api	right	http://edamontology.org/data_2594	UniGene taxon	edam	https://www.ebi.ac.uk/ols4/search?q=found+in+taxon	https://bioportal.bioontology.org/search?query=found+in+taxon	needs_review	pma		2026-03-02T19:54:11Z		Auto-suggested OLS pair; review definition/scope before approval
CAND_0094	EMI	https://w3id.org/emi#isClassifiedWith	is classified with		It is used to classify any individidual with an external controlled-vocabulary in case rdf:type is not the most suitable solution.	@prefix : <https://w3id.org/emi/abox#> .\n@prefix emi: <https://w3id.org/emi#> .\n@prefix npc: <https://w3id.org/emi/npc#> .\n:CANOPUS-mzspec%3AMSV000087728%3AVGF147_E06_features_ms2_neg.mgf%3Ascan%3A45 rdf:type emi:ChemicalTaxonAnnotation ;\n            emi:isClassifiedWith npc:CADINANE_SESQUITERPENOIDS .	obi	http://purl.obolibrary.org/obo/OBI_0000023	classified data set	A data set that is produced as the output of a class prediction data transformation and consists of a data set with assigned class labels.			https://www.ebi.ac.uk/ols4/api/ontologies/obi/terms?iri=http%3A%2F%2Fpurl.obolibrary.org%2Fobo%2FOBI_0000023	is classified with	classified data set	ols_api_top	0.65	related	ols_api	right	http://purl.obolibrary.org/obo/OBI_0000023	classified data set	obi	https://www.ebi.ac.uk/ols4/search?q=is+classified+with	https://bioportal.bioontology.org/search?query=is+classified+with	needs_review	pma		2026-03-02T19:54:11Z		Auto-suggested OLS pair; review definition/scope before approval
CAND_0095	EMI	https://w3id.org/emi#isInChIKey2DOf	is InChIKey2D of		It can be used to assign an InChIKey2D to an InChIKey that represents a chemical structure.	"@prefix : <https://w3id.org/emi/abox#> .\n@prefix emi: <https://w3id.org/emi#> .\n@prefix wd: <http://www.wikidata.org/entity/> .\n:ZCCLDKGWJIREQF-PDBXOOCHSA-N rdf:type emi:InChIKey2D ;\n            emi:isInChIKey2DOf :ZCCLDKGWJIREQF ;\n            rdfs:label ""ZCCLDKGWJIREQF"" .\n:ZCCLDKGWJIREQF-PDBXOOCHSA-N rdf:type emi:InChIKey."	chebi	http://purl.obolibrary.org/obo/CHEBI_25529	pyridinecarboxamide	A member of the class of pyridines that is a substituted pyridine in which at least one of the substituents is a carboxamide or <em>N</em>-substituted caraboxamide group.			https://www.ebi.ac.uk/ols4/api/ontologies/chebi/terms?iri=http%3A%2F%2Fpurl.obolibrary.org%2Fobo%2FCHEBI_25529	is in ch ikey2 d of	pyridinecarboxamide	ols_api_top	0.32	related	ols_api	right	http://purl.obolibrary.org/obo/CHEBI_25529	pyridinecarboxamide	chebi	https://www.ebi.ac.uk/ols4/search?q=is+InChIKey2D+of	https://bioportal.bioontology.org/search?query=is+InChIKey2D+of	needs_review	pma		2026-03-02T19:54:11Z		Auto-suggested OLS pair; review definition/scope before approval
CAND_0096	EMI	https://w3id.org/emi#isInChIKeyOf	is InChIKey of			"@prefix : <https://w3id.org/emi/abox#> .\n@prefix emi: <https://w3id.org/emi#> .\n@prefix wd: <http://www.wikidata.org/entity/> .\n@prefix dcterms: < http://purl.org/dc/terms/> .\nwd:Q27145340 rdf:type emi:Chemical ;\n             dcterms:identifier ""Q27145340"" .\n :ZCCLDKGWJIREQF-PDBXOOCHSA-N  emi:isInChIKeyOf wd:Q27145340 ."	edam	http://edamontology.org/format_1199	InChIKey	The InChIKey (hashed InChI) is a fixed length (25 character) condensed digital representation of an InChI chemical structure specification. It uniquely identifies a chemical compound.			https://www.ebi.ac.uk/ols4/api/ontologies/edam/terms?iri=http%3A%2F%2Fedamontology.org%2Fformat_1199	is in ch ikey of	in ch ikey	ols_api_top	0.77	related	ols_api	right	http://edamontology.org/format_1199	InChIKey	edam	https://www.ebi.ac.uk/ols4/search?q=is+InChIKey+of	https://bioportal.bioontology.org/search?query=is+InChIKey+of	needs_review	pma		2026-03-02T19:54:11Z		Auto-suggested OLS pair; review definition/scope before approval
CAND_0097	EMI	https://w3id.org/emi#scientificName	scientific name				ms	http://purl.obolibrary.org/obo/MS_1001469	taxonomy: scientific name	This term is used if a scientific name is specified, e.g. Homo sapiens. Recommend using MS:1001467 (taxonomy: NCBI TaxID) where possible.			https://www.ebi.ac.uk/ols4/api/ontologies/ms/terms?iri=http%3A%2F%2Fpurl.obolibrary.org%2Fobo%2FMS_1001469	scientific name	taxonomy scientific name	ols_api_top	0.77	related	ols_api	right	http://purl.obolibrary.org/obo/MS_1001469	taxonomy: scientific name	ms	https://www.ebi.ac.uk/ols4/search?q=scientific+name	https://bioportal.bioontology.org/search?query=scientific+name	needs_review	pma		2026-03-02T19:54:11Z		Auto-suggested OLS pair; review definition/scope before approval
CAND_0098	EMI	https://w3id.org/emi#spectrumLink	spectrum link				edam	http://edamontology.org/data_3483	Spectrum	The spectrum of frequencies of electromagnetic radiation emitted from a molecule as a result of some spectroscopy experiment.			https://www.ebi.ac.uk/ols4/api/ontologies/edam/terms?iri=http%3A%2F%2Fedamontology.org%2Fdata_3483	spectrum link	spectrum	ols_api_top	0.76	related	ols_api	right	http://edamontology.org/data_3483	Spectrum	edam	https://www.ebi.ac.uk/ols4/search?q=spectrum+link	https://bioportal.bioontology.org/search?query=spectrum+link	needs_review	pma		2026-03-02T19:54:11Z		Auto-suggested OLS pair; review definition/scope before approval
